 Time,PM1,PM2.5,PM10,Temp,Humidity,Latitude,Longitude
00:00:38,012,014,014,24,93,00.000000,00.000000
00:01:38,012,014,014,24,93,00.000000,00.000000
00:02:38,012,014,014,24,93,00.000000,00.000000
00:03:38,011,013,013,24,93,00.000000,00.000000
00:04:38,011,013,013,24,93,00.000000,00.000000
00:05:38,011,013,013,24,93,00.000000,00.000000
00:06:37,011,012,013,24,93,00.000000,00.000000
00:07:37,012,013,013,24,93,00.000000,00.000000
00:08:37,011,013,013,24,93,00.000000,00.000000
00:09:37,012,014,014,24,93,00.000000,00.000000
00:10:37,011,012,012,24,93,00.000000,00.000000
00:11:37,010,012,013,24,93,00.000000,00.000000
00:12:37,012,013,014,24,93,00.000000,00.000000
00:13:37,011,013,014,24,93,00.000000,00.000000
00:14:37,011,013,013,24,93,00.000000,00.000000
00:15:37,011,013,014,24,93,00.000000,00.000000
00:16:37,011,013,013,24,93,00.000000,00.000000
00:17:36,011,013,014,24,93,00.000000,00.000000
00:18:36,011,012,013,24,93,00.000000,00.000000
00:19:36,011,013,013,24,93,00.000000,00.000000
00:20:36,011,012,012,24,93,00.000000,00.000000
00:21:36,011,013,013,24,93,00.000000,00.000000
00:22:36,010,012,013,24,93,00.000000,00.000000
00:23:36,010,012,012,24,93,00.000000,00.000000
00:24:36,010,012,012,24,93,00.000000,00.000000
00:25:36,011,013,013,24,93,00.000000,00.000000
00:26:36,010,012,012,24,93,00.000000,00.000000
00:27:36,010,012,012,24,93,00.000000,00.000000
00:28:35,010,012,012,24,93,00.000000,00.000000
00:29:35,010,011,012,24,93,00.000000,00.000000
00:30:35,010,012,013,24,93,00.000000,00.000000
00:31:35,009,011,012,24,93,00.000000,00.000000
00:32:35,011,013,013,24,93,00.000000,00.000000
00:33:35,010,011,012,24,93,00.000000,00.000000
00:34:35,010,011,011,24,93,00.000000,00.000000
00:35:35,010,012,012,24,93,00.000000,00.000000
00:36:35,010,012,012,24,93,00.000000,00.000000
00:37:35,010,012,013,24,93,00.000000,00.000000
00:38:35,010,012,012,24,93,00.000000,00.000000
00:39:35,011,012,013,25,93,00.000000,00.000000
00:40:34,010,012,012,25,93,00.000000,00.000000
00:41:34,011,012,012,25,93,00.000000,00.000000
00:42:34,010,012,012,25,94,00.000000,00.000000
00:43:34,010,012,012,25,94,00.000000,00.000000
00:44:34,011,013,013,25,94,00.000000,00.000000
00:45:34,011,013,013,25,93,00.000000,00.000000
00:46:34,011,013,013,25,94,00.000000,00.000000
00:47:34,011,012,012,25,94,00.000000,00.000000
00:48:34,011,012,012,25,94,00.000000,00.000000
00:49:34,011,013,013,25,94,00.000000,00.000000
00:50:34,010,012,012,25,94,00.000000,00.000000
00:51:34,011,013,014,25,94,00.000000,00.000000
00:52:33,011,012,013,25,94,00.000000,00.000000
00:53:33,010,012,012,25,94,00.000000,00.000000
00:54:33,011,012,013,25,94,00.000000,00.000000
00:55:33,010,012,012,25,94,00.000000,00.000000
00:56:33,010,012,013,25,94,00.000000,00.000000
00:57:33,011,012,012,25,94,00.000000,00.000000
00:58:33,010,012,012,25,94,00.000000,00.000000
00:59:33,010,012,013,25,94,00.000000,00.000000
01:00:33,010,011,012,25,94,00.000000,00.000000
01:01:33,010,011,012,25,94,00.000000,00.000000
01:02:33,010,012,013,25,94,00.000000,00.000000
01:03:32,011,012,012,25,94,00.000000,00.000000
01:04:32,010,012,013,25,94,00.000000,00.000000
01:05:32,010,012,013,25,95,00.000000,00.000000
01:06:32,010,012,012,25,95,00.000000,00.000000
01:07:32,011,012,012,26,95,00.000000,00.000000
01:08:32,011,012,013,26,95,00.000000,00.000000
01:09:32,011,012,012,26,95,00.000000,00.000000
01:10:32,010,012,012,26,96,00.000000,00.000000
01:11:32,011,012,013,26,96,00.000000,00.000000
01:12:32,010,012,012,26,96,00.000000,00.000000
01:13:32,010,012,013,26,96,00.000000,00.000000
01:14:32,010,012,013,26,96,00.000000,00.000000
01:15:31,010,012,013,26,96,00.000000,00.000000
01:16:31,010,011,012,26,96,00.000000,00.000000
01:17:31,010,012,012,26,96,00.000000,00.000000
01:18:31,011,013,014,26,96,00.000000,00.000000
01:19:31,011,012,012,26,96,00.000000,00.000000
01:20:31,010,012,013,26,96,00.000000,00.000000
01:21:31,010,012,013,26,96,00.000000,00.000000
01:22:31,010,011,012,26,96,00.000000,00.000000
01:23:31,011,012,014,26,96,00.000000,00.000000
01:24:31,009,011,011,26,96,00.000000,00.000000
01:25:31,010,012,012,26,96,00.000000,00.000000
01:26:31,009,012,012,26,96,00.000000,00.000000
01:27:31,011,013,013,26,96,00.000000,00.000000
01:28:30,011,013,014,26,97,00.000000,00.000000
01:29:30,010,012,013,26,97,00.000000,00.000000
01:30:30,010,012,013,26,97,00.000000,00.000000
01:31:31,011,012,013,26,97,00.000000,00.000000
01:32:31,011,012,013,26,97,00.000000,00.000000
01:33:31,011,013,013,26,97,00.000000,00.000000
01:34:31,010,012,012,26,97,00.000000,00.000000
01:35:31,010,012,013,26,97,00.000000,00.000000
01:36:31,011,012,013,26,97,00.000000,00.000000
01:37:31,010,012,012,26,97,00.000000,00.000000
01:38:31,010,012,013,26,97,00.000000,00.000000
01:39:30,010,011,011,26,97,00.000000,00.000000
01:40:30,010,012,012,26,97,00.000000,00.000000
01:41:30,011,013,013,26,97,00.000000,00.000000
01:42:30,010,012,013,26,97,00.000000,00.000000
01:43:30,010,012,012,26,97,00.000000,00.000000
01:44:30,009,011,011,26,97,00.000000,00.000000
01:45:30,010,012,013,26,97,00.000000,00.000000
01:46:30,011,012,013,26,97,00.000000,00.000000
01:47:30,010,012,012,26,97,00.000000,00.000000
01:48:30,010,011,012,26,97,00.000000,00.000000
01:49:30,010,011,011,26,97,00.000000,00.000000
01:50:30,010,011,012,26,97,00.000000,00.000000
01:51:29,009,012,013,26,97,00.000000,00.000000
01:52:29,011,013,014,26,97,00.000000,00.000000
01:53:29,010,012,012,26,97,00.000000,00.000000
01:54:29,010,011,012,26,97,00.000000,00.000000
01:55:29,010,012,013,26,97,00.000000,00.000000
01:56:29,010,011,011,26,97,00.000000,00.000000
01:57:29,010,011,012,26,97,00.000000,00.000000
01:58:29,010,011,011,26,97,00.000000,00.000000
01:59:29,010,012,012,26,97,00.000000,00.000000
02:00:29,010,012,012,26,97,00.000000,00.000000
02:01:29,011,012,012,26,97,00.000000,00.000000
02:02:28,010,012,013,26,97,00.000000,00.000000
02:03:28,010,011,012,26,97,00.000000,00.000000
02:04:28,010,012,012,26,97,00.000000,00.000000
02:05:28,010,011,012,26,97,00.000000,00.000000
02:06:28,010,012,012,26,97,00.000000,00.000000
02:07:28,010,011,012,26,97,00.000000,00.000000
02:08:28,010,011,013,26,97,00.000000,00.000000
02:09:28,009,011,011,26,97,00.000000,00.000000
02:10:28,010,011,012,26,97,00.000000,00.000000
02:11:28,010,011,012,26,97,00.000000,00.000000
02:12:28,010,011,012,26,98,00.000000,00.000000
02:13:28,010,012,012,26,98,00.000000,00.000000
02:14:28,011,012,012,26,98,00.000000,00.000000
02:15:27,010,011,013,26,98,00.000000,00.000000
02:16:27,010,011,012,26,98,00.000000,00.000000
02:17:27,010,012,013,26,98,00.000000,00.000000
02:18:27,010,011,011,26,98,00.000000,00.000000
02:19:27,010,012,013,26,98,00.000000,00.000000
02:20:27,010,012,012,26,98,00.000000,00.000000
02:21:27,011,013,013,26,98,00.000000,00.000000
02:22:27,010,012,013,26,98,00.000000,00.000000
02:23:27,010,011,011,26,98,00.000000,00.000000
02:24:27,010,012,012,26,98,00.000000,00.000000
02:25:27,010,011,011,26,98,00.000000,00.000000
02:26:27,010,011,012,26,98,00.000000,00.000000
02:27:26,010,011,012,26,98,00.000000,00.000000
02:28:26,011,012,013,26,98,00.000000,00.000000
02:29:26,011,013,013,26,98,00.000000,00.000000
02:30:26,010,012,012,26,98,00.000000,00.000000
02:31:26,010,011,011,26,98,00.000000,00.000000
02:32:26,010,011,012,26,98,00.000000,00.000000
02:33:26,010,011,011,27,98,00.000000,00.000000
02:34:26,010,011,012,27,98,00.000000,00.000000
02:35:26,010,011,012,27,98,00.000000,00.000000
02:36:26,010,011,011,26,98,00.000000,00.000000
02:37:26,010,012,012,27,98,00.000000,00.000000
02:38:26,010,012,012,26,98,00.000000,00.000000
02:39:26,010,012,013,27,98,00.000000,00.000000
02:40:25,010,011,012,27,98,00.000000,00.000000
02:41:25,010,012,012,27,98,00.000000,00.000000
02:42:25,011,013,013,27,98,00.000000,00.000000
02:43:25,010,012,013,27,98,00.000000,00.000000
02:44:25,010,011,012,27,98,00.000000,00.000000
02:45:25,010,011,012,27,98,00.000000,00.000000
02:46:25,010,012,012,27,98,00.000000,00.000000
02:47:25,011,012,013,27,98,00.000000,00.000000
02:48:25,010,012,012,27,98,00.000000,00.000000
02:49:25,010,012,013,27,98,00.000000,00.000000
02:50:25,011,013,013,27,98,00.000000,00.000000
02:51:25,011,012,012,27,98,00.000000,00.000000
02:52:24,010,012,012,27,98,00.000000,00.000000
02:53:24,011,012,013,27,98,00.000000,00.000000
02:54:24,010,012,012,27,98,00.000000,00.000000
02:55:24,011,012,012,27,98,00.000000,00.000000
02:56:24,010,012,012,27,98,00.000000,00.000000
02:57:24,011,012,012,27,98,00.000000,00.000000
02:58:24,011,012,012,27,98,00.000000,00.000000
02:59:24,010,011,012,27,98,00.000000,00.000000
03:00:24,011,013,013,27,98,00.000000,00.000000
03:01:24,010,012,013,27,98,00.000000,00.000000
03:02:24,010,012,012,27,98,00.000000,00.000000
03:03:24,010,012,012,27,98,00.000000,00.000000
03:04:24,011,013,013,27,98,00.000000,00.000000
03:05:23,011,013,013,27,98,00.000000,00.000000
03:06:23,011,013,013,27,98,00.000000,00.000000
03:07:23,011,013,013,27,98,00.000000,00.000000
03:08:23,010,012,012,27,98,00.000000,00.000000
03:09:23,010,012,013,27,98,00.000000,00.000000
03:10:23,011,013,014,27,98,00.000000,00.000000
03:11:23,011,013,013,27,98,00.000000,00.000000
03:12:23,011,013,013,27,98,00.000000,00.000000
03:13:23,012,013,013,27,98,00.000000,00.000000
03:14:23,011,012,012,27,98,00.000000,00.000000
03:15:23,012,013,014,27,98,00.000000,00.000000
03:16:23,011,013,014,27,98,00.000000,00.000000
03:17:23,011,012,012,27,98,00.000000,00.000000
03:18:22,012,013,014,27,98,00.000000,00.000000
03:19:22,011,013,013,27,98,00.000000,00.000000
03:20:22,011,013,013,27,98,00.000000,00.000000
03:21:22,011,013,013,27,98,00.000000,00.000000
03:22:22,011,013,014,27,98,00.000000,00.000000
03:23:22,013,014,015,27,98,00.000000,00.000000
03:24:22,011,013,013,27,98,00.000000,00.000000
03:25:22,012,014,014,27,98,00.000000,00.000000
03:26:22,012,014,014,27,98,00.000000,00.000000
03:27:22,012,013,014,27,98,00.000000,00.000000
03:28:22,011,013,014,27,98,00.000000,00.000000
03:29:22,012,013,014,27,98,00.000000,00.000000
03:30:21,011,013,013,27,98,00.000000,00.000000
03:31:21,012,013,013,27,98,00.000000,00.000000
03:32:21,011,013,013,27,98,00.000000,00.000000
03:33:21,011,013,014,27,98,00.000000,00.000000
03:34:21,012,014,015,27,98,00.000000,00.000000
03:35:21,011,013,014,27,98,00.000000,00.000000
03:36:21,012,013,013,27,98,00.000000,00.000000
03:37:20,012,014,014,27,98,00.000000,00.000000
03:38:20,010,012,013,27,98,00.000000,00.000000
03:39:20,011,013,013,27,98,00.000000,00.000000
03:40:20,011,012,012,27,98,00.000000,00.000000
03:41:20,012,014,014,27,98,00.000000,00.000000
03:42:20,012,013,014,27,98,00.000000,00.000000
03:43:20,011,013,013,27,98,00.000000,00.000000
03:44:20,010,013,013,27,98,00.000000,00.000000
03:45:20,011,013,014,27,98,00.000000,00.000000
03:46:20,012,013,013,27,98,00.000000,00.000000
03:47:20,012,014,014,27,98,00.000000,00.000000
03:48:20,012,014,015,27,98,00.000000,00.000000
03:49:20,011,013,013,27,98,00.000000,00.000000
03:50:19,011,013,013,27,98,00.000000,00.000000
03:51:19,011,012,013,27,98,00.000000,00.000000
03:52:19,011,013,014,27,98,00.000000,00.000000
03:53:19,011,013,013,27,98,00.000000,00.000000
03:54:19,011,013,013,27,98,00.000000,00.000000
03:55:19,012,013,014,27,98,00.000000,00.000000
03:56:19,011,013,013,27,98,00.000000,00.000000
03:57:19,010,012,012,27,98,00.000000,00.000000
03:58:19,012,014,014,27,98,00.000000,00.000000
03:59:19,012,013,014,27,98,00.000000,00.000000
04:00:19,011,012,012,27,98,00.000000,00.000000
04:01:19,012,014,014,27,99,00.000000,00.000000
04:02:19,011,014,015,27,99,00.000000,00.000000
04:03:18,012,013,014,27,99,00.000000,00.000000
04:04:18,012,014,014,27,99,00.000000,00.000000
04:05:18,011,013,014,27,99,00.000000,00.000000
04:06:18,011,013,013,27,99,00.000000,00.000000
04:07:18,011,012,013,27,99,00.000000,00.000000
04:08:18,012,014,014,27,99,00.000000,00.000000
04:09:18,012,014,015,27,99,00.000000,00.000000
04:10:18,012,014,015,27,99,00.000000,00.000000
04:11:18,012,013,014,27,99,00.000000,00.000000
04:12:18,011,013,013,27,99,00.000000,00.000000
04:13:18,012,014,015,27,99,00.000000,00.000000
04:14:18,012,013,014,27,99,00.000000,00.000000
04:15:17,012,014,015,27,99,00.000000,00.000000
04:16:17,013,015,016,27,99,00.000000,00.000000
04:17:17,012,014,015,27,99,00.000000,00.000000
04:18:17,012,014,014,27,99,00.000000,00.000000
04:19:17,012,013,013,27,99,00.000000,00.000000
04:20:17,012,014,015,27,99,00.000000,00.000000
04:21:17,011,013,013,27,99,00.000000,00.000000
04:22:17,012,014,014,27,99,00.000000,00.000000
04:23:17,012,014,014,27,99,00.000000,00.000000
04:24:17,012,014,014,27,99,00.000000,00.000000
04:25:17,012,013,014,27,99,00.000000,00.000000
04:26:17,012,013,013,27,99,00.000000,00.000000
04:27:17,012,014,014,27,99,00.000000,00.000000
04:28:16,012,014,014,27,99,00.000000,00.000000
04:29:16,012,014,015,27,99,00.000000,00.000000
04:30:16,012,014,014,27,99,00.000000,00.000000
04:31:16,012,014,014,27,99,00.000000,00.000000
04:32:16,012,015,016,27,99,00.000000,00.000000
04:33:16,012,014,014,27,99,00.000000,00.000000
04:34:16,011,014,014,27,99,00.000000,00.000000
04:35:16,012,013,013,27,99,00.000000,00.000000
04:36:16,011,013,013,27,99,00.000000,00.000000
04:37:16,011,013,013,27,99,00.000000,00.000000
04:38:16,012,013,014,27,99,00.000000,00.000000
04:39:16,012,013,014,27,99,00.000000,00.000000
04:40:15,012,014,015,27,99,00.000000,00.000000
04:41:15,011,012,013,27,99,00.000000,00.000000
04:42:15,012,014,015,27,99,00.000000,00.000000
04:43:15,011,013,013,27,99,00.000000,00.000000
04:44:15,011,013,014,27,99,00.000000,00.000000
04:45:15,012,015,015,27,99,00.000000,00.000000
04:46:15,012,014,015,27,99,00.000000,00.000000
04:47:15,012,014,014,27,99,00.000000,00.000000
04:48:15,012,015,015,27,99,00.000000,00.000000
04:49:15,012,015,016,27,99,00.000000,00.000000
04:50:15,012,014,014,27,99,00.000000,00.000000
04:51:15,012,015,015,27,99,00.000000,00.000000
04:52:15,012,014,015,27,99,00.000000,00.000000
04:53:14,012,015,016,27,99,00.000000,00.000000
04:54:14,012,015,015,27,99,00.000000,00.000000
04:55:14,012,014,015,27,99,00.000000,00.000000
04:56:14,012,014,016,27,99,00.000000,00.000000
04:57:14,012,014,016,27,99,00.000000,00.000000
04:58:14,012,014,015,27,99,00.000000,00.000000
04:59:14,012,013,014,27,99,00.000000,00.000000
05:00:14,012,014,015,27,99,00.000000,00.000000
05:01:14,011,014,015,27,99,00.000000,00.000000
05:02:14,011,013,015,27,99,00.000000,00.000000
05:03:14,012,015,016,27,99,00.000000,00.000000
05:04:14,012,014,015,27,99,00.000000,00.000000
05:05:14,011,013,014,27,99,00.000000,00.000000
05:06:13,012,014,014,27,99,00.000000,00.000000
05:07:13,012,014,014,27,99,00.000000,00.000000
05:08:13,012,014,016,27,99,00.000000,00.000000
05:09:13,011,014,015,27,99,00.000000,00.000000
05:10:13,011,013,014,27,99,00.000000,00.000000
05:11:13,011,013,013,27,99,00.000000,00.000000
05:12:13,011,013,014,27,99,00.000000,00.000000
05:13:13,012,015,015,27,99,00.000000,00.000000
05:14:13,011,014,015,27,99,00.000000,00.000000
05:15:13,011,013,014,27,99,00.000000,00.000000
05:16:13,012,014,014,27,99,00.000000,00.000000
05:17:13,012,013,014,27,99,00.000000,00.000000
05:18:12,011,013,014,27,99,00.000000,00.000000
05:19:12,011,014,014,27,99,00.000000,00.000000
05:20:12,012,014,015,27,99,00.000000,00.000000
05:21:12,012,015,016,27,99,00.000000,00.000000
05:22:12,011,014,014,27,99,00.000000,00.000000
05:23:12,011,014,014,27,99,00.000000,00.000000
05:24:12,011,013,014,27,99,00.000000,00.000000
05:25:12,011,013,014,27,99,00.000000,00.000000
05:26:12,011,013,014,27,99,00.000000,00.000000
05:27:12,011,014,015,27,99,00.000000,00.000000
05:28:12,011,013,013,27,99,00.000000,00.000000
05:29:12,011,013,013,27,99,00.000000,00.000000
05:30:12,011,014,014,27,99,00.000000,00.000000
05:31:12,011,014,015,27,99,00.000000,00.000000
05:32:12,010,013,013,27,99,00.000000,00.000000
05:33:12,011,013,013,27,99,00.000000,00.000000
05:34:12,011,013,013,27,99,00.000000,00.000000
05:35:12,011,013,014,27,99,00.000000,00.000000
05:36:12,011,014,014,27,99,00.000000,00.000000
05:37:12,011,013,013,27,99,00.000000,00.000000
05:38:12,011,013,014,27,99,00.000000,00.000000
05:39:12,010,012,013,27,99,00.000000,00.000000
05:40:12,011,014,014,27,99,00.000000,00.000000
05:41:11,010,013,013,27,99,00.000000,00.000000
05:42:11,011,013,013,27,99,00.000000,00.000000
05:43:11,011,013,013,27,99,00.000000,00.000000
05:44:11,011,014,015,27,99,00.000000,00.000000
05:45:11,011,014,014,27,99,00.000000,00.000000
05:46:11,012,014,014,27,99,00.000000,00.000000
05:47:11,011,014,014,27,99,00.000000,00.000000
05:48:11,011,013,014,27,99,00.000000,00.000000
05:49:11,011,013,014,27,99,00.000000,00.000000
05:50:11,011,013,013,27,99,00.000000,00.000000
05:51:11,011,013,013,27,99,00.000000,00.000000
05:52:11,011,012,013,27,99,00.000000,00.000000
05:53:11,011,012,013,27,99,00.000000,00.000000
05:54:10,011,013,013,27,99,00.000000,00.000000
05:55:10,011,013,013,27,99,00.000000,00.000000
05:56:10,011,013,013,27,99,00.000000,00.000000
05:57:10,011,013,013,27,99,00.000000,00.000000
05:58:10,011,012,013,27,99,00.000000,00.000000
05:59:10,011,013,013,27,99,00.000000,00.000000
06:00:10,011,013,014,27,99,00.000000,00.000000
06:01:10,012,013,014,27,99,00.000000,00.000000
06:02:10,011,013,013,27,99,00.000000,00.000000
06:03:10,010,012,013,27,99,00.000000,00.000000
06:04:10,011,013,013,27,99,00.000000,00.000000
06:05:10,010,012,012,27,99,00.000000,00.000000
06:06:09,011,012,013,27,99,00.000000,00.000000
06:07:09,011,013,013,27,99,00.000000,00.000000
06:08:09,010,012,012,27,99,00.000000,00.000000
06:09:09,011,013,013,27,99,00.000000,00.000000
06:10:09,011,012,013,27,99,00.000000,00.000000
06:11:09,010,012,012,27,99,00.000000,00.000000
06:12:09,010,012,012,27,99,00.000000,00.000000
06:13:09,010,012,012,27,99,00.000000,00.000000
06:14:09,011,012,014,27,99,00.000000,00.000000
06:15:09,012,013,013,27,99,00.000000,00.000000
06:16:09,011,012,012,27,99,00.000000,00.000000
06:17:09,011,014,015,27,99,00.000000,00.000000
06:18:09,010,012,012,27,99,00.000000,00.000000
06:19:08,010,012,013,27,99,00.000000,00.000000
06:20:08,011,012,013,27,99,00.000000,00.000000
06:21:08,011,012,012,27,99,00.000000,00.000000
06:22:08,011,014,015,27,99,00.000000,00.000000
06:23:08,010,012,013,27,99,00.000000,00.000000
06:24:08,011,014,014,27,99,00.000000,00.000000
06:25:08,011,012,013,27,99,00.000000,00.000000
06:26:08,011,013,013,27,99,00.000000,00.000000
06:27:08,010,012,013,27,99,00.000000,00.000000
06:28:08,010,012,012,27,99,00.000000,00.000000
06:29:08,010,012,012,27,99,00.000000,00.000000
06:30:08,010,012,013,27,99,00.000000,00.000000
06:31:08,010,012,012,27,99,00.000000,00.000000
06:32:07,010,011,012,27,99,00.000000,00.000000
06:33:07,011,013,014,27,99,00.000000,00.000000
06:34:07,011,013,013,27,99,00.000000,00.000000
06:35:07,011,013,013,27,99,00.000000,00.000000
06:36:07,010,012,013,27,99,00.000000,00.000000
06:37:07,010,013,013,27,99,00.000000,00.000000
06:38:07,010,012,013,27,99,00.000000,00.000000
06:39:07,010,013,013,27,99,00.000000,00.000000
06:40:07,011,013,014,27,99,00.000000,00.000000
06:41:07,009,011,012,27,99,00.000000,00.000000
06:42:07,010,012,013,27,99,00.000000,00.000000
06:43:07,010,012,013,27,99,00.000000,00.000000
06:44:07,011,013,013,27,99,00.000000,00.000000
06:45:07,010,012,013,27,99,00.000000,00.000000
06:46:06,010,012,012,27,99,00.000000,00.000000
06:47:06,010,013,013,27,99,00.000000,00.000000
06:48:06,011,013,014,27,99,00.000000,00.000000
06:49:06,010,012,012,27,99,00.000000,00.000000
06:50:06,010,012,012,27,99,00.000000,00.000000
06:51:06,010,012,012,27,99,00.000000,00.000000
06:52:06,010,012,012,27,99,00.000000,00.000000
06:53:06,011,013,014,27,99,00.000000,00.000000
06:54:06,010,012,012,27,99,00.000000,00.000000
06:55:06,010,011,011,27,99,00.000000,00.000000
06:56:06,010,013,013,27,99,00.000000,00.000000
06:57:06,010,011,012,27,99,00.000000,00.000000
06:58:05,011,013,013,27,99,00.000000,00.000000
06:59:05,010,012,012,27,99,00.000000,00.000000
07:00:05,010,013,013,27,99,00.000000,00.000000
07:01:05,010,012,012,27,99,00.000000,00.000000
07:02:05,010,012,013,27,99,00.000000,00.000000
07:03:05,010,012,012,27,99,00.000000,00.000000
07:04:05,010,012,013,27,99,00.000000,00.000000
07:05:05,010,012,014,27,99,00.000000,00.000000
07:06:05,010,012,013,27,99,00.000000,00.000000
07:07:05,009,011,011,27,99,00.000000,00.000000
07:08:05,010,011,012,27,99,00.000000,00.000000
07:09:05,010,012,012,27,99,00.000000,00.000000
07:10:05,009,012,012,27,99,00.000000,00.000000
07:11:05,011,012,013,27,99,00.000000,00.000000
07:12:04,010,012,012,27,99,00.000000,00.000000
07:13:04,011,013,013,27,99,00.000000,00.000000
07:14:04,011,014,015,27,99,00.000000,00.000000
07:15:04,010,012,012,27,99,00.000000,00.000000
07:16:04,010,012,014,27,99,00.000000,00.000000
07:17:04,010,012,013,27,99,00.000000,00.000000
07:18:04,010,012,012,27,99,00.000000,00.000000
07:19:04,011,013,013,27,99,00.000000,00.000000
07:20:04,010,012,012,27,99,00.000000,00.000000
07:21:04,010,013,013,27,99,00.000000,00.000000
07:22:04,011,014,014,27,99,00.000000,00.000000
07:23:04,010,013,013,27,99,00.000000,00.000000
07:24:04,011,013,014,27,99,00.000000,00.000000
07:25:04,011,013,013,27,99,00.000000,00.000000
07:26:03,010,012,013,27,99,00.000000,00.000000
07:27:03,011,013,013,27,99,00.000000,00.000000
07:28:03,011,013,013,27,99,00.000000,00.000000
07:29:03,011,014,014,27,99,00.000000,00.000000
07:30:03,010,012,013,27,99,00.000000,00.000000
07:31:03,011,013,014,27,99,00.000000,00.000000
07:32:02,010,012,012,27,99,00.000000,00.000000
07:33:02,011,013,014,27,99,00.000000,00.000000
07:34:02,010,011,012,27,99,00.000000,00.000000
07:35:02,010,012,012,27,99,00.000000,00.000000
07:36:02,011,013,014,27,99,00.000000,00.000000
07:37:02,011,014,015,27,99,00.000000,00.000000
07:38:02,011,012,013,27,99,00.000000,00.000000
07:39:02,011,012,012,27,99,00.000000,00.000000
07:40:02,011,013,013,27,99,00.000000,00.000000
07:41:02,011,013,013,27,99,00.000000,00.000000
07:42:02,011,013,013,27,99,00.000000,00.000000
07:43:02,011,014,014,27,99,00.000000,00.000000
07:44:02,010,012,013,27,99,00.000000,00.000000
07:45:02,011,013,014,27,99,00.000000,00.000000
07:46:01,010,012,013,27,99,00.000000,00.000000
07:47:01,011,012,013,27,99,00.000000,00.000000
07:48:01,010,012,013,27,99,00.000000,00.000000
07:49:01,011,014,014,27,99,00.000000,00.000000
07:50:01,011,012,013,27,99,00.000000,00.000000
07:51:01,010,013,013,27,99,00.000000,00.000000
07:52:01,011,013,013,27,99,00.000000,00.000000
07:53:01,011,013,014,27,99,00.000000,00.000000
07:54:01,011,013,013,27,99,00.000000,00.000000
07:55:01,010,012,013,27,99,00.000000,00.000000
07:56:01,011,014,014,27,99,00.000000,00.000000
07:57:01,012,014,014,27,99,00.000000,00.000000
07:58:01,011,013,014,27,99,00.000000,00.000000
07:59:01,012,014,015,27,99,00.000000,00.000000
08:00:00,011,013,013,27,99,00.000000,00.000000
08:01:00,011,013,013,27,99,00.000000,00.000000
08:02:00,011,013,013,27,99,00.000000,00.000000
08:03:00,011,014,014,27,99,00.000000,00.000000
08:04:00,010,012,012,27,99,00.000000,00.000000
08:05:00,011,013,013,27,99,00.000000,00.000000
08:06:00,011,013,014,27,99,00.000000,00.000000
08:07:00,011,013,014,27,99,00.000000,00.000000
08:08:00,011,013,014,27,99,00.000000,00.000000
08:09:00,012,015,015,27,99,00.000000,00.000000
08:10:00,011,014,016,27,99,00.000000,00.000000
08:11:00,013,016,017,27,99,00.000000,00.000000
08:12:00,011,014,014,27,99,00.000000,00.000000
08:13:00,012,014,014,27,99,00.000000,00.000000
08:14:00,011,014,015,27,99,00.000000,00.000000
08:14:59,012,014,015,27,99,00.000000,00.000000
08:15:59,012,015,015,27,99,00.000000,00.000000
08:16:59,012,015,015,27,99,00.000000,00.000000
08:17:59,012,014,015,27,99,00.000000,00.000000
08:18:59,012,015,015,27,99,00.000000,00.000000
08:19:59,012,014,015,27,99,00.000000,00.000000
08:20:59,011,013,014,27,99,00.000000,00.000000
08:21:59,013,015,015,27,99,00.000000,00.000000
08:22:59,012,014,014,27,99,00.000000,00.000000
08:23:59,012,014,015,27,99,00.000000,00.000000
08:24:59,012,016,016,27,99,00.000000,00.000000
08:25:59,012,015,015,27,99,00.000000,00.000000
08:26:59,012,015,015,27,99,00.000000,00.000000
08:27:59,012,015,016,27,99,00.000000,00.000000
08:28:59,013,016,016,27,99,00.000000,00.000000
08:30:58,012,015,016,27,99,00.000000,00.000000
08:31:58,012,015,015,27,99,00.000000,00.000000
08:32:58,012,015,015,27,99,00.000000,00.000000
08:33:58,013,016,016,27,99,00.000000,00.000000
08:34:58,012,016,016,27,99,00.000000,00.000000
08:35:58,014,017,017,27,99,00.000000,00.000000
08:36:58,013,016,016,27,99,00.000000,00.000000
08:37:58,013,015,015,27,99,00.000000,00.000000
08:38:58,014,017,017,27,99,00.000000,00.000000
08:39:58,013,015,016,27,99,00.000000,00.000000
08:40:58,012,015,015,27,99,00.000000,00.000000
08:41:58,013,016,016,27,99,00.000000,00.000000
08:42:58,013,016,016,27,99,00.000000,00.000000
08:43:58,014,017,017,27,99,00.000000,00.000000
08:44:57,014,017,018,27,99,00.000000,00.000000
08:45:57,013,016,016,27,99,00.000000,00.000000
08:46:57,013,016,016,27,99,00.000000,00.000000
08:47:57,013,016,017,27,99,00.000000,00.000000
08:48:57,013,016,017,27,99,00.000000,00.000000
08:49:57,014,016,017,27,99,00.000000,00.000000
08:50:57,014,017,017,27,99,00.000000,00.000000
08:51:57,014,017,017,27,99,00.000000,00.000000
08:52:57,014,018,019,27,99,00.000000,00.000000
08:53:57,014,017,018,27,99,00.000000,00.000000
08:54:57,014,017,019,27,99,00.000000,00.000000
08:55:57,014,018,019,27,99,00.000000,00.000000
08:56:57,015,019,020,27,99,00.000000,00.000000
08:57:57,014,017,018,27,99,00.000000,00.000000
08:58:56,014,018,018,27,99,00.000000,00.000000
08:59:56,015,018,020,27,99,00.000000,00.000000
09:00:56,014,017,018,27,99,00.000000,00.000000
09:01:56,015,018,019,27,99,00.000000,00.000000
09:02:56,015,018,019,27,98,00.000000,00.000000
09:03:56,015,018,019,27,98,00.000000,00.000000
09:04:56,014,016,016,27,97,00.000000,00.000000
09:05:56,014,019,019,26,97,00.000000,00.000000
09:06:56,015,019,020,26,96,00.000000,00.000000
09:07:56,014,019,020,26,96,00.000000,00.000000
09:08:56,014,019,019,26,95,00.000000,00.000000
09:09:56,014,017,018,26,95,00.000000,00.000000
09:10:56,015,018,019,26,95,00.000000,00.000000
09:11:56,015,018,018,26,94,00.000000,00.000000
09:12:56,015,018,019,26,94,00.000000,00.000000
09:13:55,015,018,019,26,94,00.000000,00.000000
09:14:55,015,018,018,26,94,00.000000,00.000000
09:15:55,015,019,019,26,94,00.000000,00.000000
09:16:55,015,018,019,26,93,00.000000,00.000000
09:17:55,016,019,020,25,93,00.000000,00.000000
09:18:55,015,020,021,25,93,00.000000,00.000000
09:19:55,015,018,019,25,93,00.000000,00.000000
09:20:55,016,019,020,25,93,00.000000,00.000000
09:21:55,016,020,020,25,93,00.000000,00.000000
09:22:55,015,019,019,25,92,00.000000,00.000000
09:23:55,016,020,020,25,92,00.000000,00.000000
09:24:55,017,020,021,25,92,00.000000,00.000000
09:25:55,016,020,020,25,92,00.000000,00.000000
09:26:55,016,019,019,25,92,00.000000,00.000000
09:27:54,016,019,019,25,93,00.000000,00.000000
09:28:54,016,020,020,25,94,00.000000,00.000000
09:29:54,016,020,020,25,94,00.000000,00.000000
09:30:54,017,020,021,25,93,00.000000,00.000000
09:31:54,017,020,021,25,93,00.000000,00.000000
09:32:54,016,020,020,25,93,00.000000,00.000000
09:33:53,017,020,021,25,93,00.000000,00.000000
09:34:53,017,021,022,25,93,00.000000,00.000000
09:35:53,017,022,022,25,93,00.000000,00.000000
09:36:53,017,022,023,25,94,00.000000,00.000000
09:37:53,018,023,024,25,95,00.000000,00.000000
09:38:53,018,023,023,25,94,00.000000,00.000000
09:39:53,018,022,023,25,94,00.000000,00.000000
09:40:53,018,023,023,25,93,00.000000,00.000000
09:41:53,018,022,023,25,93,00.000000,00.000000
09:42:53,018,022,022,25,93,00.000000,00.000000
09:43:53,019,024,024,25,94,00.000000,00.000000
09:44:53,019,024,025,25,95,00.000000,00.000000
09:45:53,018,023,023,25,94,00.000000,00.000000
09:46:52,019,023,024,25,94,00.000000,00.000000
09:47:52,019,025,026,25,94,00.000000,00.000000
09:48:52,019,024,025,25,94,00.000000,00.000000
09:49:52,019,024,025,25,95,00.000000,00.000000
09:50:52,019,024,025,25,95,00.000000,00.000000
09:51:52,019,025,026,25,94,00.000000,00.000000
09:52:52,019,025,026,25,94,00.000000,00.000000
09:53:52,019,023,023,25,94,00.000000,00.000000
09:54:52,018,023,024,25,93,00.000000,00.000000
09:55:52,019,023,024,25,93,00.000000,00.000000
09:56:52,019,025,025,25,93,00.000000,00.000000
09:57:52,019,024,025,25,93,00.000000,00.000000
09:58:51,019,024,025,25,93,00.000000,00.000000
09:59:51,019,025,025,25,94,00.000000,00.000000
10:00:51,019,025,026,25,95,00.000000,00.000000
10:01:51,021,026,027,25,95,00.000000,00.000000
10:02:51,020,025,026,25,94,00.000000,00.000000
10:03:51,019,025,025,25,93,00.000000,00.000000
10:04:51,020,025,026,25,93,00.000000,00.000000
10:05:51,020,026,026,25,93,00.000000,00.000000
10:06:51,019,024,024,25,93,00.000000,00.000000
10:07:51,020,025,025,25,94,00.000000,00.000000
10:08:51,020,027,028,25,95,00.000000,00.000000
10:09:51,019,025,026,25,95,00.000000,00.000000
10:10:50,020,026,027,25,95,00.000000,00.000000
10:11:50,020,026,027,25,94,00.000000,00.000000
10:12:50,021,027,027,25,94,00.000000,00.000000
10:13:50,019,026,028,25,93,00.000000,00.000000
10:14:50,020,026,027,25,93,00.000000,00.000000
10:15:50,020,024,025,25,93,00.000000,00.000000
10:16:50,020,027,028,25,93,00.000000,00.000000
10:17:50,020,026,028,25,93,00.000000,00.000000
10:18:50,020,026,027,25,94,00.000000,00.000000
10:19:50,021,028,029,25,94,00.000000,00.000000
10:20:50,021,029,029,25,95,00.000000,00.000000
10:21:49,021,028,029,25,95,00.000000,00.000000
10:22:49,021,027,028,25,94,00.000000,00.000000
10:23:49,020,026,027,25,94,00.000000,00.000000
10:24:49,021,028,029,25,93,00.000000,00.000000
10:25:49,021,028,029,25,93,00.000000,00.000000
10:26:49,020,026,027,25,93,00.000000,00.000000
10:27:49,021,029,030,25,93,00.000000,00.000000
10:28:49,022,029,030,25,94,00.000000,00.000000
10:29:49,021,028,028,25,95,00.000000,00.000000
10:30:49,021,028,028,25,95,00.000000,00.000000
10:31:49,021,030,031,25,95,00.000000,00.000000
10:32:48,021,027,028,25,94,00.000000,00.000000
10:33:48,022,028,028,25,94,00.000000,00.000000
10:34:48,021,029,030,25,93,00.000000,00.000000
10:35:48,022,029,031,25,93,00.000000,00.000000
10:36:48,022,029,031,25,93,00.000000,00.000000
10:37:48,022,029,030,25,93,00.000000,00.000000
10:38:48,023,030,032,25,94,00.000000,00.000000
10:39:48,022,030,031,25,95,00.000000,00.000000
10:40:48,023,031,033,25,95,00.000000,00.000000
10:41:48,023,030,031,25,95,00.000000,00.000000
10:42:48,022,030,032,25,95,00.000000,00.000000
10:43:48,023,031,034,25,94,00.000000,00.000000
10:44:47,023,031,033,25,94,00.000000,00.000000
10:45:47,023,030,032,25,93,00.000000,00.000000
10:46:47,023,030,031,25,93,00.000000,00.000000
10:47:47,022,031,034,25,94,00.000000,00.000000
10:48:47,023,031,033,25,95,00.000000,00.000000
10:49:47,023,032,034,25,95,00.000000,00.000000
10:50:47,022,030,032,25,95,00.000000,00.000000
10:51:47,023,032,034,25,94,00.000000,00.000000
10:52:47,023,031,033,25,94,00.000000,00.000000
10:53:47,023,030,032,25,94,00.000000,00.000000
10:54:46,023,032,035,25,93,00.000000,00.000000
10:55:46,022,031,034,25,93,00.000000,00.000000
10:56:46,023,031,035,25,93,00.000000,00.000000
10:57:46,024,032,034,25,93,00.000000,00.000000
10:58:46,023,032,035,25,93,00.000000,00.000000
10:59:46,023,031,033,25,92,00.000000,00.000000
11:00:46,023,030,032,25,93,00.000000,00.000000
11:01:46,023,032,035,25,92,00.000000,00.000000
11:02:46,023,031,034,25,92,00.000000,00.000000
11:03:46,023,032,034,25,92,00.000000,00.000000
11:04:46,023,031,033,25,92,00.000000,00.000000
11:05:45,023,032,035,25,92,00.000000,00.000000
11:06:45,023,031,034,25,92,00.000000,00.000000
11:07:45,023,032,034,25,92,00.000000,00.000000
11:08:45,023,032,034,25,92,00.000000,00.000000
11:09:45,024,033,036,25,92,00.000000,00.000000
11:10:45,024,033,036,25,92,00.000000,00.000000
11:11:45,023,032,035,25,92,00.000000,00.000000
11:12:45,024,032,035,25,92,00.000000,00.000000
11:13:45,024,033,037,25,92,00.000000,00.000000
11:14:45,024,032,035,25,92,00.000000,00.000000
11:15:44,024,032,035,25,92,00.000000,00.000000
11:16:44,023,031,034,25,92,00.000000,00.000000
11:17:44,024,032,034,25,92,00.000000,00.000000
11:18:44,024,032,033,25,92,00.000000,00.000000
11:19:44,024,032,035,25,92,00.000000,00.000000
11:20:44,024,032,035,25,92,00.000000,00.000000
11:21:44,024,033,037,25,92,00.000000,00.000000
11:22:44,024,032,035,25,92,00.000000,00.000000
11:23:44,025,033,037,25,92,00.000000,00.000000
11:24:43,025,033,037,25,92,00.000000,00.000000
11:25:43,026,034,038,25,92,00.000000,00.000000
11:26:43,025,033,037,25,93,00.000000,00.000000
11:27:43,024,032,036,25,93,00.000000,00.000000
11:28:43,025,034,038,25,93,00.000000,00.000000
11:29:43,024,033,037,25,93,00.000000,00.000000
11:30:43,025,034,038,25,93,00.000000,00.000000
11:31:43,024,033,039,25,92,00.000000,00.000000
11:32:43,025,033,037,25,92,00.000000,00.000000
11:33:43,024,033,036,25,92,00.000000,00.000000
11:34:43,025,033,038,25,92,00.000000,00.000000
11:35:43,025,033,038,25,92,00.000000,00.000000
11:36:43,025,032,037,25,92,00.000000,00.000000
11:37:43,025,033,038,25,92,00.000000,00.000000
11:38:43,025,033,037,25,92,00.000000,00.000000
11:39:42,026,034,038,25,92,00.000000,00.000000
11:40:42,025,034,037,25,92,00.000000,00.000000
11:41:42,025,034,040,25,92,00.000000,00.000000
11:42:42,025,034,039,25,92,00.000000,00.000000
11:43:42,025,034,038,25,92,00.000000,00.000000
11:44:42,025,033,038,25,92,00.000000,00.000000
11:45:42,025,034,038,25,92,00.000000,00.000000
11:46:42,026,034,039,25,92,00.000000,00.000000
11:47:42,025,034,038,25,92,00.000000,00.000000
11:48:42,025,034,038,25,92,00.000000,00.000000
11:49:41,025,035,039,25,92,00.000000,00.000000
11:50:41,026,035,041,25,92,00.000000,00.000000
11:51:41,025,033,035,25,92,00.000000,00.000000
11:52:41,025,034,038,25,92,00.000000,00.000000
11:53:41,025,034,039,25,92,00.000000,00.000000
11:54:41,025,034,038,25,92,00.000000,00.000000
11:55:41,027,036,041,25,92,00.000000,00.000000
11:56:41,026,034,038,25,92,00.000000,00.000000
11:57:41,026,035,040,25,92,00.000000,00.000000
11:58:41,025,034,040,25,92,00.000000,00.000000
11:59:40,026,034,039,25,92,00.000000,00.000000
12:00:40,026,034,037,25,92,00.000000,00.000000
12:01:40,026,035,039,25,92,00.000000,00.000000
12:02:40,026,034,040,25,92,00.000000,00.000000
12:03:40,026,033,037,25,92,00.000000,00.000000
12:04:40,026,035,041,25,92,00.000000,00.000000
12:05:40,026,035,039,25,92,00.000000,00.000000
12:06:40,026,034,038,25,92,00.000000,00.000000
12:07:40,026,034,039,25,92,00.000000,00.000000
12:08:40,026,034,039,25,92,00.000000,00.000000
12:09:39,026,035,040,25,92,00.000000,00.000000
12:10:39,026,034,039,25,92,00.000000,00.000000
12:11:39,026,035,041,25,92,00.000000,00.000000
12:12:39,026,034,039,25,92,00.000000,00.000000
12:13:39,026,034,038,25,92,00.000000,00.000000
12:14:39,026,035,040,25,92,00.000000,00.000000
12:15:39,026,035,041,25,92,00.000000,00.000000
12:16:39,026,034,039,25,92,00.000000,00.000000
12:17:39,026,034,038,25,92,00.000000,00.000000
12:18:39,026,035,039,25,92,00.000000,00.000000
12:19:38,026,037,043,25,92,00.000000,00.000000
12:20:38,026,035,040,25,92,00.000000,00.000000
12:21:38,026,036,040,25,92,00.000000,00.000000
12:22:38,026,034,038,25,92,00.000000,00.000000
12:23:38,026,036,042,25,92,00.000000,00.000000
12:24:38,026,034,039,25,92,00.000000,00.000000
12:25:38,026,035,041,25,92,00.000000,00.000000
12:26:38,027,035,041,25,92,00.000000,00.000000
12:27:38,026,035,040,25,92,00.000000,00.000000
12:28:38,026,034,039,25,92,00.000000,00.000000
12:29:37,025,034,038,25,92,00.000000,00.000000
12:30:37,026,035,040,25,92,00.000000,00.000000
12:31:37,026,035,039,25,92,00.000000,00.000000
12:32:37,025,034,040,25,92,00.000000,00.000000
12:33:37,026,035,041,25,92,00.000000,00.000000
12:34:37,026,034,038,25,92,00.000000,00.000000
12:35:37,026,035,040,25,92,00.000000,00.000000
12:36:37,026,035,041,25,92,00.000000,00.000000
12:37:37,026,035,040,25,92,00.000000,00.000000
12:38:37,026,035,039,25,92,00.000000,00.000000
12:39:36,025,034,039,25,92,00.000000,00.000000
12:40:36,026,035,040,25,92,00.000000,00.000000
12:41:36,026,035,039,25,92,00.000000,00.000000
12:42:36,026,034,038,25,92,00.000000,00.000000
12:43:36,025,034,039,25,92,00.000000,00.000000
12:44:36,026,035,039,25,92,00.000000,00.000000
12:45:36,025,034,038,25,92,00.000000,00.000000
12:46:36,026,035,040,25,92,00.000000,00.000000
12:47:36,026,035,040,25,92,00.000000,00.000000
12:48:36,026,034,038,25,92,00.000000,00.000000
12:49:35,026,035,042,25,92,00.000000,00.000000
12:50:35,026,035,039,25,92,00.000000,00.000000
12:51:35,026,035,041,25,92,00.000000,00.000000
12:52:35,025,033,036,25,92,00.000000,00.000000
12:53:35,026,035,041,25,92,00.000000,00.000000
12:54:35,025,033,037,25,92,00.000000,00.000000
12:55:35,025,034,038,25,92,00.000000,00.000000
12:56:35,025,034,039,25,92,00.000000,00.000000
12:57:35,026,035,040,25,92,00.000000,00.000000
12:58:34,025,033,038,25,92,00.000000,00.000000
12:59:34,025,035,041,25,92,00.000000,00.000000
13:00:34,026,035,040,25,92,00.000000,00.000000
13:01:34,025,034,039,25,92,00.000000,00.000000
13:02:34,026,034,039,25,92,00.000000,00.000000
13:03:34,026,035,040,25,92,00.000000,00.000000
13:04:34,025,034,038,25,92,00.000000,00.000000
13:05:34,025,033,037,25,92,00.000000,00.000000
13:06:34,026,034,040,25,92,00.000000,00.000000
13:07:34,026,034,038,25,92,00.000000,00.000000
13:08:33,026,035,039,25,92,00.000000,00.000000
13:09:33,026,034,038,25,92,00.000000,00.000000
13:10:33,026,034,039,25,92,00.000000,00.000000
13:11:33,026,035,040,25,92,00.000000,00.000000
13:12:33,026,035,040,25,92,00.000000,00.000000
13:13:33,026,035,039,25,92,00.000000,00.000000
13:14:33,025,034,040,25,92,00.000000,00.000000
13:15:33,026,034,038,25,92,00.000000,00.000000
13:16:33,026,035,040,25,92,00.000000,00.000000
13:17:32,026,035,041,25,92,00.000000,00.000000
13:18:32,026,034,039,25,92,00.000000,00.000000
13:19:32,025,033,036,25,93,00.000000,00.000000
13:20:32,026,034,039,25,92,00.000000,00.000000
13:21:32,025,034,039,25,92,00.000000,00.000000
13:22:32,026,035,040,25,93,00.000000,00.000000
13:23:32,025,034,039,25,93,00.000000,00.000000
13:24:32,025,034,039,25,92,00.000000,00.000000
13:25:32,025,033,037,25,92,00.000000,00.000000
13:26:32,025,034,039,25,92,00.000000,00.000000
13:27:32,025,034,038,25,92,00.000000,00.000000
13:28:31,026,035,039,25,92,00.000000,00.000000
13:29:31,025,033,036,25,92,00.000000,00.000000
13:30:31,025,035,040,25,92,00.000000,00.000000
13:31:31,025,034,039,25,92,00.000000,00.000000
13:32:30,026,035,039,25,92,00.000000,00.000000
13:33:30,026,035,039,25,92,00.000000,00.000000
13:34:30,025,033,037,25,92,00.000000,00.000000
13:35:30,025,034,039,25,92,00.000000,00.000000
13:36:30,026,035,040,25,92,00.000000,00.000000
13:37:30,025,034,039,25,92,00.000000,00.000000
13:38:30,026,034,039,25,92,00.000000,00.000000
13:39:30,025,034,038,25,92,00.000000,00.000000
13:40:30,025,034,039,25,92,00.000000,00.000000
13:41:29,025,034,038,25,92,00.000000,00.000000
13:42:29,025,033,037,25,92,00.000000,00.000000
13:43:29,025,034,040,25,92,00.000000,00.000000
13:44:29,025,034,040,25,92,00.000000,00.000000
13:45:29,026,034,038,25,92,00.000000,00.000000
13:46:29,025,034,039,25,92,00.000000,00.000000
13:47:29,025,033,037,25,92,00.000000,00.000000
13:48:29,026,034,038,25,92,00.000000,00.000000
13:49:29,025,034,038,25,92,00.000000,00.000000
13:50:28,026,034,039,25,92,00.000000,00.000000
13:51:28,025,033,037,25,92,00.000000,00.000000
13:52:28,025,034,038,25,92,00.000000,00.000000
13:53:28,025,034,037,25,92,00.000000,00.000000
13:54:28,026,034,039,25,92,00.000000,00.000000
13:55:28,026,035,039,25,92,00.000000,00.000000
13:56:28,025,034,038,25,92,00.000000,00.000000
13:57:28,026,034,040,25,92,00.000000,00.000000
13:58:28,025,033,037,25,92,00.000000,00.000000
13:59:28,026,034,039,25,92,00.000000,00.000000
14:00:27,025,034,038,25,92,00.000000,00.000000
14:01:27,026,034,038,25,92,00.000000,00.000000
14:02:27,025,033,038,25,92,00.000000,00.000000
14:03:27,025,034,039,25,92,00.000000,00.000000
14:04:27,025,034,038,25,92,00.000000,00.000000
14:05:27,025,033,038,25,92,00.000000,00.000000
14:06:27,026,035,041,25,93,00.000000,00.000000
14:07:27,026,035,041,25,94,00.000000,00.000000
14:08:27,025,033,038,25,94,00.000000,00.000000
14:09:27,026,035,041,25,95,00.000000,00.000000
14:10:26,026,035,041,25,95,00.000000,00.000000
14:11:26,026,035,041,25,96,00.000000,00.000000
14:12:26,025,034,038,25,96,00.000000,00.000000
14:13:26,025,033,038,25,96,00.000000,00.000000
14:14:26,026,035,040,25,95,00.000000,00.000000
14:15:26,025,034,039,25,94,00.000000,00.000000
14:16:26,026,034,038,25,94,00.000000,00.000000
14:17:26,026,034,037,25,95,00.000000,00.000000
14:18:26,026,035,040,25,96,00.000000,00.000000
14:19:25,025,034,039,25,96,00.000000,00.000000
14:20:25,025,033,037,25,96,00.000000,00.000000
14:21:25,025,033,037,25,97,00.000000,00.000000
14:22:25,026,035,040,25,97,00.000000,00.000000
14:23:25,025,033,037,25,97,00.000000,00.000000
14:24:25,025,033,037,25,97,00.000000,00.000000
14:25:25,026,034,039,25,96,00.000000,00.000000
14:26:25,025,033,036,25,95,00.000000,00.000000
14:27:25,024,032,035,25,95,00.000000,00.000000
14:28:25,025,033,037,25,95,00.000000,00.000000
14:29:24,024,032,036,25,95,00.000000,00.000000
14:30:24,025,034,038,25,96,00.000000,00.000000
14:31:24,025,033,035,25,96,00.000000,00.000000
14:32:24,024,032,035,25,97,00.000000,00.000000
14:33:24,024,033,037,25,97,00.000000,00.000000
14:34:24,024,032,034,25,97,00.000000,00.000000
14:35:24,024,032,034,25,97,00.000000,00.000000
14:36:24,024,032,036,25,97,00.000000,00.000000
14:37:24,023,031,034,25,96,00.000000,00.000000
14:38:24,023,032,035,25,96,00.000000,00.000000
14:39:23,024,031,035,25,96,00.000000,00.000000
14:40:23,023,030,032,25,95,00.000000,00.000000
14:41:23,024,032,033,25,95,00.000000,00.000000
14:42:23,022,029,031,25,95,00.000000,00.000000
14:43:23,022,030,031,25,95,00.000000,00.000000
14:44:23,022,031,033,25,95,00.000000,00.000000
14:45:23,023,030,032,25,96,00.000000,00.000000
14:46:23,023,031,032,25,97,00.000000,00.000000
14:47:23,022,030,032,25,97,00.000000,00.000000
14:48:23,023,031,032,25,97,00.000000,00.000000
14:49:22,023,030,032,25,97,00.000000,00.000000
14:50:22,023,029,031,25,97,00.000000,00.000000
14:51:22,022,030,031,25,98,00.000000,00.000000
14:52:22,022,029,031,25,97,00.000000,00.000000
14:53:22,022,029,030,25,96,00.000000,00.000000
14:54:22,023,030,031,25,96,00.000000,00.000000
14:55:22,022,028,028,25,95,00.000000,00.000000
14:56:22,022,027,027,25,95,00.000000,00.000000
14:57:22,022,028,028,25,95,00.000000,00.000000
14:58:22,022,028,029,25,95,00.000000,00.000000
14:59:21,022,028,029,25,95,00.000000,00.000000
15:00:21,022,028,029,25,95,00.000000,00.000000
15:01:21,021,027,027,25,95,00.000000,00.000000
15:02:21,021,026,027,25,95,00.000000,00.000000
15:03:21,021,026,026,25,95,00.000000,00.000000
15:04:21,021,027,027,25,95,00.000000,00.000000
15:05:21,021,027,028,25,95,00.000000,00.000000
15:06:21,021,027,027,25,95,00.000000,00.000000
15:07:21,021,028,028,25,96,00.000000,00.000000
15:08:20,021,027,027,25,97,00.000000,00.000000
15:09:20,021,026,026,25,97,00.000000,00.000000
15:10:20,020,026,027,25,97,00.000000,00.000000
15:11:20,020,025,027,25,96,00.000000,00.000000
15:12:20,020,026,027,25,96,00.000000,00.000000
15:13:20,021,028,031,25,96,00.000000,00.000000
15:14:20,021,027,030,25,96,00.000000,00.000000
15:15:20,020,025,027,25,96,00.000000,00.000000
15:16:20,020,026,028,25,96,00.000000,00.000000
15:17:20,020,027,029,25,97,00.000000,00.000000
15:18:19,020,026,027,25,98,00.000000,00.000000
15:19:19,020,027,029,25,98,00.000000,00.000000
15:20:19,020,027,031,25,98,00.000000,00.000000
15:21:19,020,026,028,25,97,00.000000,00.000000
15:22:19,020,027,028,25,96,00.000000,00.000000
15:23:19,020,025,026,25,97,00.000000,00.000000
15:24:19,020,026,027,25,97,00.000000,00.000000
15:25:19,019,025,026,25,96,00.000000,00.000000
15:26:19,020,025,026,25,96,00.000000,00.000000
15:27:19,019,025,028,25,96,00.000000,00.000000
15:28:18,019,024,025,25,96,00.000000,00.000000
15:29:18,019,024,025,25,96,00.000000,00.000000
15:30:18,020,025,026,25,96,00.000000,00.000000
15:31:19,020,026,027,25,96,00.000000,00.000000
15:32:19,019,023,024,25,95,00.000000,00.000000
15:33:18,019,024,024,25,95,00.000000,00.000000
15:34:18,019,024,026,25,95,00.000000,00.000000
15:35:18,019,023,025,25,95,00.000000,00.000000
15:36:18,019,023,024,25,94,00.000000,00.000000
15:37:18,018,023,025,25,94,00.000000,00.000000
15:38:18,019,023,024,25,94,00.000000,00.000000
15:39:18,020,024,024,25,95,00.000000,00.000000
15:40:18,018,023,023,25,94,00.000000,00.000000
15:41:18,018,022,022,25,94,00.000000,00.000000
15:42:17,018,021,021,25,94,00.000000,00.000000
15:43:17,018,022,022,25,94,00.000000,00.000000
15:44:17,018,021,022,25,94,00.000000,00.000000
15:45:17,019,023,023,25,94,00.000000,00.000000
15:46:17,018,021,022,25,94,00.000000,00.000000
15:47:17,017,021,022,25,94,00.000000,00.000000
15:48:17,019,022,023,25,94,00.000000,00.000000
15:49:17,018,022,023,25,94,00.000000,00.000000
15:50:17,018,022,023,25,94,00.000000,00.000000
15:51:16,017,021,022,25,94,00.000000,00.000000
15:52:16,018,021,022,25,94,00.000000,00.000000
15:53:16,018,021,022,25,94,00.000000,00.000000
15:54:16,018,021,022,25,94,00.000000,00.000000
15:55:16,017,020,021,25,94,00.000000,00.000000
15:56:16,018,021,021,25,94,00.000000,00.000000
15:57:16,018,021,022,25,94,00.000000,00.000000
15:58:16,018,021,022,25,94,00.000000,00.000000
15:59:16,018,021,022,25,94,00.000000,00.000000
16:00:16,018,021,022,25,94,00.000000,00.000000
16:01:15,018,021,021,25,94,00.000000,00.000000
16:02:15,018,021,021,25,94,00.000000,00.000000
16:03:15,018,022,022,25,94,00.000000,00.000000
16:04:15,019,023,023,25,95,00.000000,00.000000
16:05:15,018,021,021,25,95,00.000000,00.000000
16:06:15,019,022,023,25,96,00.000000,00.000000
16:07:15,018,022,022,25,96,00.000000,00.000000
16:08:15,018,022,023,25,95,00.000000,00.000000
16:09:15,018,022,022,25,95,00.000000,00.000000
16:10:14,019,022,023,25,95,00.000000,00.000000
16:11:14,018,022,022,25,94,00.000000,00.000000
16:12:14,018,021,022,25,94,00.000000,00.000000
16:13:14,017,020,021,25,94,00.000000,00.000000
16:14:14,018,021,022,25,94,00.000000,00.000000
16:15:14,018,021,022,25,94,00.000000,00.000000
16:16:14,019,022,023,25,95,00.000000,00.000000
16:17:14,019,023,024,25,96,00.000000,00.000000
16:18:14,018,022,024,25,96,00.000000,00.000000
16:19:14,018,022,022,25,96,00.000000,00.000000
16:20:13,018,021,021,25,95,00.000000,00.000000
16:21:13,018,021,022,25,95,00.000000,00.000000
16:22:13,017,021,021,25,94,00.000000,00.000000
16:23:13,019,022,023,25,94,00.000000,00.000000
16:24:13,018,022,022,25,94,00.000000,00.000000
16:25:13,018,022,022,25,95,00.000000,00.000000
16:26:13,019,022,023,25,95,00.000000,00.000000
16:27:13,019,022,023,25,96,00.000000,00.000000
16:28:13,018,022,022,25,95,00.000000,00.000000
16:29:13,017,021,022,25,94,00.000000,00.000000
16:30:12,018,021,022,25,94,00.000000,00.000000
16:31:12,018,021,022,25,94,00.000000,00.000000
16:32:12,018,021,021,25,93,00.000000,00.000000
16:33:12,018,021,022,25,93,00.000000,00.000000
16:34:12,018,021,022,25,94,00.000000,00.000000
16:35:12,019,022,022,25,95,00.000000,00.000000
16:36:12,018,022,022,25,95,00.000000,00.000000
16:37:12,018,020,021,25,96,00.000000,00.000000
16:38:12,018,021,022,25,95,00.000000,00.000000
16:39:12,018,021,022,25,95,00.000000,00.000000
16:40:12,018,022,022,25,94,00.000000,00.000000
16:41:11,018,020,021,25,94,00.000000,00.000000
16:42:11,018,020,021,25,93,00.000000,00.000000
16:43:11,019,022,023,25,94,00.000000,00.000000
16:44:11,019,022,023,25,95,00.000000,00.000000
16:45:11,019,022,022,25,96,00.000000,00.000000
16:46:11,019,021,022,25,94,00.000000,00.000000
16:47:11,019,022,022,25,94,00.000000,00.000000
16:48:11,019,022,022,25,93,00.000000,00.000000
16:49:11,018,022,022,25,94,00.000000,00.000000
16:50:10,019,022,022,25,95,00.000000,00.000000
16:51:10,019,022,022,25,95,00.000000,00.000000
16:52:10,019,023,024,25,96,00.000000,00.000000
16:53:10,019,023,024,25,96,00.000000,00.000000
16:54:10,018,022,024,25,95,00.000000,00.000000
16:55:10,019,022,022,25,94,00.000000,00.000000
16:56:10,019,022,022,25,94,00.000000,00.000000
16:57:10,019,021,022,25,93,00.000000,00.000000
16:58:10,019,023,024,25,94,00.000000,00.000000
16:59:10,019,022,022,25,95,00.000000,00.000000
17:00:09,019,022,022,25,95,00.000000,00.000000
17:01:09,018,020,020,25,96,00.000000,00.000000
17:02:09,018,021,021,25,96,00.000000,00.000000
17:03:09,019,022,022,25,96,00.000000,00.000000
17:04:09,019,022,022,25,95,00.000000,00.000000
17:05:09,019,024,025,25,94,00.000000,00.000000
17:06:09,019,022,022,25,94,00.000000,00.000000
17:07:09,019,022,023,25,94,00.000000,00.000000
17:08:09,019,022,022,25,95,00.000000,00.000000
17:09:09,019,022,022,25,96,00.000000,00.000000
17:10:08,020,024,024,25,96,00.000000,00.000000
17:11:08,019,022,022,25,96,00.000000,00.000000
17:12:08,019,022,022,25,95,00.000000,00.000000
17:13:08,019,024,024,25,94,00.000000,00.000000
17:14:08,019,022,024,25,94,00.000000,00.000000
17:15:08,019,022,022,25,93,00.000000,00.000000
17:16:08,019,022,023,25,95,00.000000,00.000000
17:17:08,018,022,023,25,95,00.000000,00.000000
17:18:08,020,024,025,25,96,00.000000,00.000000
17:19:07,019,021,022,25,96,00.000000,00.000000
17:20:07,019,022,023,25,95,00.000000,00.000000
17:21:07,019,022,023,25,94,00.000000,00.000000
17:22:07,019,022,022,25,94,00.000000,00.000000
17:23:07,019,022,022,25,93,00.000000,00.000000
17:24:07,019,022,023,25,93,00.000000,00.000000
17:25:07,018,021,021,25,94,00.000000,00.000000
17:26:07,019,022,022,25,95,00.000000,00.000000
17:27:07,019,022,022,25,96,00.000000,00.000000
17:28:07,019,023,024,25,95,00.000000,00.000000
17:29:06,019,022,023,25,94,00.000000,00.000000
17:30:06,019,022,023,25,94,00.000000,00.000000
17:31:06,019,023,023,25,94,00.000000,00.000000
17:32:07,019,022,023,25,93,00.000000,00.000000
17:33:07,019,022,022,25,93,00.000000,00.000000
17:34:07,018,021,021,25,93,00.000000,00.000000
17:35:07,019,021,021,25,93,00.000000,00.000000
17:36:07,019,021,022,25,93,00.000000,00.000000
17:37:07,018,020,020,25,93,00.000000,00.000000
17:38:06,018,021,021,24,92,00.000000,00.000000
17:39:06,019,021,022,24,93,00.000000,00.000000
17:40:06,019,022,022,24,94,00.000000,00.000000
17:41:06,018,021,022,25,95,00.000000,00.000000
17:42:06,018,020,020,25,95,00.000000,00.000000
17:43:06,018,022,022,25,94,00.000000,00.000000
17:44:06,018,021,021,25,94,00.000000,00.000000
17:45:06,019,021,022,25,93,00.000000,00.000000
17:46:06,019,021,022,25,93,00.000000,00.000000
17:47:05,018,020,020,25,93,00.000000,00.000000
17:48:05,019,021,021,24,93,00.000000,00.000000
17:49:05,019,021,021,25,94,00.000000,00.000000
17:50:05,019,022,023,25,95,00.000000,00.000000
17:51:05,018,021,021,25,95,00.000000,00.000000
17:52:05,018,020,021,25,95,00.000000,00.000000
17:53:05,018,021,021,25,94,00.000000,00.000000
17:54:05,017,019,019,25,94,00.000000,00.000000
17:55:05,018,020,021,25,93,00.000000,00.000000
17:56:05,017,020,020,25,93,00.000000,00.000000
17:57:04,016,018,018,25,93,00.000000,00.000000
17:58:04,016,018,019,24,93,00.000000,00.000000
17:59:04,018,020,020,24,93,00.000000,00.000000
18:00:04,016,019,019,24,94,00.000000,00.000000
18:01:04,017,019,019,25,95,00.000000,00.000000
18:02:04,017,019,020,25,95,00.000000,00.000000
18:03:04,017,018,019,25,94,00.000000,00.000000
18:04:04,017,019,019,25,94,00.000000,00.000000
18:05:04,016,019,019,25,94,00.000000,00.000000
18:06:04,017,019,020,25,93,00.000000,00.000000
18:07:03,016,018,018,24,93,00.000000,00.000000
18:08:03,016,018,018,24,93,00.000000,00.000000
18:09:03,016,018,018,24,93,00.000000,00.000000
18:10:03,016,018,019,24,93,00.000000,00.000000
18:11:03,017,019,019,24,93,00.000000,00.000000
18:12:03,017,018,019,24,93,00.000000,00.000000
18:13:03,016,018,018,24,94,00.000000,00.000000
18:14:03,017,019,019,24,94,00.000000,00.000000
18:15:03,016,018,018,25,95,00.000000,00.000000
18:16:02,016,018,019,25,95,00.000000,00.000000
18:17:02,016,018,018,25,96,00.000000,00.000000
18:18:02,017,019,019,25,94,00.000000,00.000000
18:19:02,016,018,018,25,94,00.000000,00.000000
18:20:02,017,019,019,25,94,00.000000,00.000000
18:21:02,016,018,018,25,94,00.000000,00.000000
18:22:02,017,019,020,24,94,00.000000,00.000000
18:23:02,016,018,019,24,95,00.000000,00.000000
18:24:02,017,019,020,24,95,00.000000,00.000000
18:25:01,016,018,018,25,96,00.000000,00.000000
18:26:01,017,019,019,25,95,00.000000,00.000000
18:27:01,015,017,018,25,95,00.000000,00.000000
18:28:01,016,018,018,24,94,00.000000,00.000000
18:29:01,017,018,020,24,95,00.000000,00.000000
18:30:01,017,019,019,25,96,00.000000,00.000000
18:31:01,017,019,020,25,96,00.000000,00.000000
18:32:01,018,020,020,25,96,00.000000,00.000000
18:33:01,016,018,018,25,95,00.000000,00.000000
18:34:01,016,017,017,25,95,00.000000,00.000000
18:35:00,017,019,020,24,95,00.000000,00.000000
18:36:00,016,018,019,24,95,00.000000,00.000000
18:37:00,016,018,018,24,94,00.000000,00.000000
18:38:00,017,019,019,24,95,00.000000,00.000000
18:39:00,017,019,020,24,96,00.000000,00.000000
18:40:00,017,018,019,25,96,00.000000,00.000000
18:41:00,017,019,020,25,96,00.000000,00.000000
18:42:00,017,019,020,25,95,00.000000,00.000000
18:43:00,016,018,019,24,95,00.000000,00.000000
18:43:59,016,018,018,24,94,00.000000,00.000000
18:44:59,015,018,019,24,95,00.000000,00.000000
18:45:59,017,019,019,25,96,00.000000,00.000000
18:46:59,017,019,019,25,96,00.000000,00.000000
18:47:59,016,019,019,25,96,00.000000,00.000000
18:48:59,016,018,019,25,96,00.000000,00.000000
18:49:59,017,018,019,25,95,00.000000,00.000000
18:50:59,017,019,019,24,95,00.000000,00.000000
18:51:59,016,019,019,24,95,00.000000,00.000000
18:52:59,016,018,019,24,95,00.000000,00.000000
18:53:58,016,019,020,25,96,00.000000,00.000000
18:54:58,017,019,019,25,96,00.000000,00.000000
18:55:58,017,020,021,25,95,00.000000,00.000000
18:56:58,017,019,019,24,95,00.000000,00.000000
18:57:58,015,017,018,24,95,00.000000,00.000000
18:58:58,016,018,018,24,94,00.000000,00.000000
18:59:58,015,018,018,24,95,00.000000,00.000000
19:00:58,016,019,020,24,96,00.000000,00.000000
19:01:58,016,018,019,24,96,00.000000,00.000000
19:02:57,015,017,018,25,96,00.000000,00.000000
19:03:57,016,018,018,25,95,00.000000,00.000000
19:04:57,015,017,018,25,95,00.000000,00.000000
19:05:57,016,018,019,24,95,00.000000,00.000000
19:06:57,017,019,020,25,96,00.000000,00.000000
19:07:57,016,018,018,25,96,00.000000,00.000000
19:08:57,016,018,019,25,96,00.000000,00.000000
19:09:57,016,018,018,25,95,00.000000,00.000000
19:10:57,016,018,018,25,95,00.000000,00.000000
19:11:56,016,018,018,25,94,00.000000,00.000000
19:12:56,016,017,018,25,94,00.000000,00.000000
19:13:56,016,018,019,25,94,00.000000,00.000000
19:14:56,016,018,018,25,95,00.000000,00.000000
19:15:56,016,018,018,25,96,00.000000,00.000000
19:16:56,016,019,019,25,96,00.000000,00.000000
19:17:56,016,018,019,25,96,00.000000,00.000000
19:18:56,016,018,018,25,95,00.000000,00.000000
19:19:56,015,017,018,25,95,00.000000,00.000000
19:20:56,016,019,019,25,95,00.000000,00.000000
19:21:55,016,018,019,25,95,00.000000,00.000000
19:22:55,016,019,019,25,95,00.000000,00.000000
19:23:55,017,019,019,25,95,00.000000,00.000000
19:24:55,017,020,020,25,95,00.000000,00.000000
19:25:55,017,019,019,25,95,00.000000,00.000000
19:26:55,017,019,020,25,95,00.000000,00.000000
19:27:55,017,019,019,25,95,00.000000,00.000000
19:28:55,016,019,019,25,95,00.000000,00.000000
19:29:55,016,019,020,25,95,00.000000,00.000000
19:30:54,017,020,020,25,95,00.000000,00.000000
19:31:53,017,020,020,25,95,00.000000,00.000000
19:32:53,017,020,021,25,95,00.000000,00.000000
19:33:52,018,020,020,25,95,00.000000,00.000000
19:34:52,017,019,019,25,95,00.000000,00.000000
19:35:52,018,019,019,25,95,00.000000,00.000000
19:36:52,018,021,021,25,95,00.000000,00.000000
19:37:52,017,020,021,25,96,00.000000,00.000000
19:38:52,017,019,019,25,96,00.000000,00.000000
19:39:52,017,020,021,25,96,00.000000,00.000000
19:40:52,017,019,019,25,96,00.000000,00.000000
19:41:52,018,020,020,26,95,00.000000,00.000000
19:42:52,018,020,021,26,96,00.000000,00.000000
19:43:51,017,019,020,26,95,00.000000,00.000000
19:44:51,017,020,020,26,96,00.000000,00.000000
19:45:51,018,020,022,26,96,00.000000,00.000000
19:46:51,018,020,021,26,96,00.000000,00.000000
19:47:51,019,021,023,26,96,00.000000,00.000000
19:48:51,017,020,020,26,96,00.000000,00.000000
19:49:51,017,020,021,26,96,00.000000,00.000000
19:50:51,018,020,021,26,96,00.000000,00.000000
19:51:51,017,020,020,26,96,00.000000,00.000000
19:52:51,019,022,023,26,96,00.000000,00.000000
19:53:50,019,022,022,26,96,00.000000,00.000000
19:54:50,018,020,020,26,96,00.000000,00.000000
19:55:50,018,021,021,26,96,00.000000,00.000000
19:56:50,018,021,022,26,96,00.000000,00.000000
19:57:50,018,020,021,26,96,00.000000,00.000000
19:58:50,018,021,021,26,96,00.000000,00.000000
19:59:50,018,020,021,26,96,00.000000,00.000000
20:00:50,018,021,021,26,96,00.000000,00.000000
20:01:50,017,020,020,26,96,00.000000,00.000000
20:02:49,018,022,022,26,96,00.000000,00.000000
20:03:49,018,020,021,26,96,00.000000,00.000000
20:04:49,019,022,022,26,96,00.000000,00.000000
20:05:49,018,021,021,26,96,00.000000,00.000000
20:06:49,019,022,024,26,96,00.000000,00.000000
20:07:49,019,022,022,26,96,00.000000,00.000000
20:08:49,019,023,023,26,96,00.000000,00.000000
20:09:49,019,022,023,26,96,00.000000,00.000000
20:10:49,018,021,021,26,96,00.000000,00.000000
20:11:49,019,023,023,26,96,00.000000,00.000000
20:12:49,019,023,023,26,96,00.000000,00.000000
20:13:48,019,022,022,26,96,00.000000,00.000000
20:14:48,019,023,024,26,96,00.000000,00.000000
20:15:48,020,023,024,26,96,00.000000,00.000000
20:16:48,018,021,021,26,96,00.000000,00.000000
20:17:48,018,022,023,26,96,00.000000,00.000000
20:18:48,020,023,024,26,96,00.000000,00.000000
20:19:48,020,024,025,26,96,00.000000,00.000000
20:21:48,019,023,023,26,96,00.000000,00.000000
20:22:48,020,023,023,26,96,00.000000,00.000000
20:23:48,019,022,023,26,96,00.000000,00.000000
20:24:47,019,022,023,26,96,00.000000,00.000000
20:25:47,019,023,024,26,97,00.000000,00.000000
20:26:47,019,022,022,26,96,00.000000,00.000000
20:27:47,019,022,023,26,97,00.000000,00.000000
20:28:47,020,025,026,26,97,00.000000,00.000000
20:29:47,019,023,024,26,97,00.000000,00.000000
20:30:47,020,025,026,26,97,00.000000,00.000000
20:31:47,020,024,024,26,97,00.000000,00.000000
20:32:47,020,025,025,26,97,00.000000,00.000000
20:33:47,020,024,025,26,96,00.000000,00.000000
20:34:46,020,024,025,26,97,00.000000,00.000000
20:35:46,020,023,024,26,97,00.000000,00.000000
20:36:46,019,024,024,26,97,00.000000,00.000000
20:37:46,020,025,026,26,97,00.000000,00.000000
20:38:46,020,024,025,26,97,00.000000,00.000000
20:39:46,020,025,025,26,96,00.000000,00.000000
20:40:46,020,023,024,26,97,00.000000,00.000000
20:41:46,020,024,024,26,96,00.000000,00.000000
20:42:46,020,025,025,26,97,00.000000,00.000000
20:43:46,020,024,024,26,97,00.000000,00.000000
20:44:46,020,023,024,26,96,00.000000,00.000000
20:45:45,020,025,026,26,97,00.000000,00.000000
20:46:45,019,024,026,26,97,00.000000,00.000000
20:47:45,020,025,025,26,97,00.000000,00.000000
20:48:45,020,025,026,26,96,00.000000,00.000000
20:49:45,020,024,025,26,97,00.000000,00.000000
20:50:45,019,023,024,26,96,00.000000,00.000000
20:51:45,020,023,025,26,97,00.000000,00.000000
20:52:45,020,025,025,26,97,00.000000,00.000000
20:53:45,019,024,026,26,97,00.000000,00.000000
20:54:45,020,024,025,26,97,00.000000,00.000000
20:55:45,020,024,025,26,97,00.000000,00.000000
20:56:44,019,023,024,26,97,00.000000,00.000000
20:57:44,019,024,024,26,96,00.000000,00.000000
20:58:44,019,023,024,26,97,00.000000,00.000000
20:59:44,020,023,023,26,97,00.000000,00.000000
21:00:44,020,026,027,26,97,00.000000,00.000000
21:01:44,021,025,025,26,97,00.000000,00.000000
21:02:44,020,025,025,26,96,00.000000,00.000000
21:03:44,020,024,025,26,97,00.000000,00.000000
21:04:44,020,024,024,26,97,00.000000,00.000000
21:05:44,020,024,025,26,97,00.000000,00.000000
21:06:44,020,024,025,26,97,00.000000,00.000000
21:07:43,020,024,025,26,97,00.000000,00.000000
21:08:43,020,025,026,26,97,00.000000,00.000000
21:09:43,020,023,024,26,97,00.000000,00.000000
21:10:43,021,025,026,26,97,00.000000,00.000000
21:11:43,020,025,027,26,97,00.000000,00.000000
21:12:43,020,024,025,26,97,00.000000,00.000000
21:13:43,021,026,026,26,97,00.000000,00.000000
21:14:43,020,025,026,26,97,00.000000,00.000000
21:15:43,020,025,025,26,97,00.000000,00.000000
21:16:42,020,025,026,26,97,00.000000,00.000000
21:17:42,021,026,027,26,97,00.000000,00.000000
21:18:42,020,025,025,26,97,00.000000,00.000000
21:19:42,020,025,026,26,97,00.000000,00.000000
21:20:42,020,024,024,26,97,00.000000,00.000000
21:21:42,020,025,026,26,97,00.000000,00.000000
21:22:42,019,023,024,26,97,00.000000,00.000000
21:23:42,019,024,024,26,97,00.000000,00.000000
21:24:42,020,024,025,26,97,00.000000,00.000000
21:25:42,020,025,025,26,97,00.000000,00.000000
21:26:42,020,024,025,26,97,00.000000,00.000000
21:27:41,019,024,026,26,97,00.000000,00.000000
21:28:41,019,024,024,26,97,00.000000,00.000000
21:29:41,019,024,026,26,97,00.000000,00.000000
21:30:42,020,024,026,26,97,00.000000,00.000000
21:31:42,020,024,025,26,97,00.000000,00.000000
21:32:41,020,024,024,26,97,00.000000,00.000000
21:33:41,020,025,026,26,97,00.000000,00.000000
21:34:41,019,023,024,26,97,00.000000,00.000000
21:35:41,019,022,023,26,97,00.000000,00.000000
21:36:41,020,025,025,26,97,00.000000,00.000000
21:37:41,021,026,026,26,97,00.000000,00.000000
21:38:41,020,024,025,26,97,00.000000,00.000000
21:39:41,019,024,025,26,97,00.000000,00.000000
21:40:41,019,023,023,26,97,00.000000,00.000000
21:41:41,020,025,025,26,97,00.000000,00.000000
21:42:41,020,025,027,26,97,00.000000,00.000000
21:43:40,021,025,026,26,97,00.000000,00.000000
21:44:40,020,025,025,26,97,00.000000,00.000000
21:45:40,019,023,023,26,97,00.000000,00.000000
21:46:40,019,023,023,26,97,00.000000,00.000000
21:47:40,020,024,025,27,97,00.000000,00.000000
21:48:40,020,024,025,26,97,00.000000,00.000000
21:49:40,020,024,025,26,97,00.000000,00.000000
21:50:40,020,024,025,26,97,00.000000,00.000000
21:51:40,021,026,026,27,97,00.000000,00.000000
21:52:40,020,025,025,26,97,00.000000,00.000000
21:53:39,020,024,024,27,97,00.000000,00.000000
21:54:39,019,023,024,27,97,00.000000,00.000000
21:55:39,020,024,024,27,97,00.000000,00.000000
21:56:39,020,024,025,27,97,00.000000,00.000000
21:57:39,020,023,024,27,97,00.000000,00.000000
21:58:39,020,025,025,27,97,00.000000,00.000000
21:59:39,021,025,025,27,97,00.000000,00.000000
22:00:39,020,026,026,27,97,00.000000,00.000000
22:01:39,019,024,024,27,97,00.000000,00.000000
22:02:39,020,024,024,27,97,00.000000,00.000000
22:03:39,021,024,025,27,97,00.000000,00.000000
22:04:38,019,024,024,27,97,00.000000,00.000000
22:05:38,020,025,025,27,97,00.000000,00.000000
22:06:38,019,024,024,27,97,00.000000,00.000000
22:07:38,021,025,027,27,97,00.000000,00.000000
22:08:38,020,025,026,27,97,00.000000,00.000000
22:09:38,021,024,025,27,97,00.000000,00.000000
22:10:38,020,025,026,27,97,00.000000,00.000000
22:11:38,021,026,026,27,97,00.000000,00.000000
22:12:38,020,025,025,27,97,00.000000,00.000000
22:13:38,021,025,025,27,97,00.000000,00.000000
22:14:37,020,024,024,27,97,00.000000,00.000000
22:15:37,020,024,024,27,97,00.000000,00.000000
22:16:37,021,026,026,27,97,00.000000,00.000000
22:17:37,021,025,025,27,97,00.000000,00.000000
22:18:37,021,026,027,26,97,00.000000,00.000000
22:19:37,021,026,026,27,97,00.000000,00.000000
22:20:37,020,025,026,27,97,00.000000,00.000000
22:21:37,020,025,027,27,97,00.000000,00.000000
22:22:37,021,027,028,27,97,00.000000,00.000000
22:23:37,021,026,026,27,98,00.000000,00.000000
22:24:37,021,026,026,27,97,00.000000,00.000000
22:25:36,020,025,026,27,97,00.000000,00.000000
22:26:36,020,026,027,27,97,00.000000,00.000000
22:27:36,020,025,026,27,98,00.000000,00.000000
22:28:36,019,024,025,27,98,00.000000,00.000000
22:29:36,020,025,026,27,98,00.000000,00.000000
22:30:36,021,026,026,27,99,00.000000,00.000000
22:31:36,021,026,026,27,99,00.000000,00.000000
22:32:36,021,025,026,27,99,00.000000,00.000000
22:33:36,021,025,027,27,99,00.000000,00.000000
22:34:36,020,026,026,27,99,00.000000,00.000000
22:35:36,020,025,025,27,99,00.000000,00.000000
22:36:35,020,025,025,27,99,00.000000,00.000000
22:37:35,021,025,027,27,99,00.000000,00.000000
22:38:35,020,025,026,27,99,00.000000,00.000000
22:39:35,021,025,026,27,99,00.000000,00.000000
22:40:35,021,026,027,27,99,00.000000,00.000000
22:41:35,021,027,027,27,99,00.000000,00.000000
22:42:35,021,026,026,27,99,00.000000,00.000000
22:43:35,021,026,026,27,99,00.000000,00.000000
22:44:35,021,025,025,27,99,00.000000,00.000000
22:45:35,021,026,026,27,99,00.000000,00.000000
22:46:35,021,026,027,27,99,00.000000,00.000000
22:47:34,020,025,025,27,99,00.000000,00.000000
22:48:34,021,026,027,27,99,00.000000,00.000000
22:49:34,021,026,026,27,99,00.000000,00.000000
22:50:34,021,026,026,27,99,00.000000,00.000000
22:51:34,021,025,026,27,99,00.000000,00.000000
22:52:34,020,025,026,27,99,00.000000,00.000000
22:53:34,020,024,026,27,99,00.000000,00.000000
22:54:34,021,026,027,27,99,00.000000,00.000000
22:55:34,021,026,029,27,99,00.000000,00.000000
22:56:34,021,027,028,27,99,00.000000,00.000000
22:57:34,020,026,027,27,99,00.000000,00.000000
22:58:33,021,026,028,27,99,00.000000,00.000000
22:59:33,021,025,026,27,99,00.000000,00.000000
23:00:33,020,024,024,27,99,00.000000,00.000000
23:01:33,020,025,026,27,99,00.000000,00.000000
23:02:33,020,026,026,27,99,00.000000,00.000000
23:03:33,021,025,025,27,99,00.000000,00.000000
23:04:33,021,027,028,27,99,00.000000,00.000000
23:05:33,021,026,026,27,99,00.000000,00.000000
23:06:33,021,027,027,27,99,00.000000,00.000000
23:07:33,021,026,027,27,99,00.000000,00.000000
23:08:33,021,026,027,27,99,00.000000,00.000000
23:09:32,020,025,026,27,99,00.000000,00.000000
23:10:32,020,024,025,27,99,00.000000,00.000000
23:11:32,021,027,028,27,99,00.000000,00.000000
23:12:32,020,025,026,27,99,00.000000,00.000000
23:13:32,021,026,027,27,99,00.000000,00.000000
23:14:32,020,025,026,27,99,00.000000,00.000000
23:15:32,020,025,026,27,99,00.000000,00.000000
23:16:32,020,025,026,27,99,00.000000,00.000000
23:17:32,021,026,028,27,99,00.000000,00.000000
23:18:32,019,023,024,27,99,00.000000,00.000000
23:19:31,020,025,028,27,99,00.000000,00.000000
23:20:31,020,024,025,27,99,00.000000,00.000000
23:21:31,020,025,025,27,99,00.000000,00.000000
23:22:31,020,025,025,27,99,00.000000,00.000000
23:23:31,020,024,024,27,99,00.000000,00.000000
23:24:31,020,024,025,27,99,00.000000,00.000000
23:25:31,019,023,024,27,99,00.000000,00.000000
23:26:31,019,024,025,27,99,00.000000,00.000000
23:27:31,019,024,025,27,99,00.000000,00.000000
23:28:31,020,025,026,27,99,00.000000,00.000000
23:29:31,020,025,027,27,99,00.000000,00.000000
23:30:31,020,024,025,27,99,00.000000,00.000000
23:31:30,020,025,026,27,99,00.000000,00.000000
23:32:30,020,025,026,27,99,00.000000,00.000000
23:33:30,019,022,023,27,99,00.000000,00.000000
23:34:30,019,023,024,27,99,00.000000,00.000000
23:35:30,021,025,026,27,99,00.000000,00.000000
23:36:29,020,023,025,27,99,00.000000,00.000000
23:37:29,020,026,027,27,99,00.000000,00.000000
23:38:29,019,024,024,27,99,00.000000,00.000000
23:39:29,019,024,024,27,99,00.000000,00.000000
23:40:29,019,022,023,27,99,00.000000,00.000000
23:41:29,019,023,024,27,99,00.000000,00.000000
23:42:29,018,022,023,27,99,00.000000,00.000000
23:43:29,019,023,024,27,99,00.000000,00.000000
23:44:29,019,023,023,27,99,00.000000,00.000000
23:45:29,019,022,023,27,99,00.000000,00.000000
23:46:29,019,022,022,27,99,00.000000,00.000000
23:47:29,019,024,025,27,99,00.000000,00.000000
23:48:28,019,023,025,27,99,00.000000,00.000000
23:49:28,018,022,023,27,99,00.000000,00.000000
23:50:28,019,023,024,27,99,00.000000,00.000000
23:51:28,019,022,024,27,99,00.000000,00.000000
23:52:28,019,022,023,27,99,00.000000,00.000000
23:53:28,019,023,024,27,99,00.000000,00.000000
23:54:28,019,023,024,27,99,00.000000,00.000000
23:55:28,019,022,023,27,99,00.000000,00.000000
23:56:28,018,022,022,27,99,00.000000,00.000000
23:57:28,019,022,024,27,99,00.000000,00.000000
23:58:28,019,023,024,27,99,00.000000,00.000000
23:59:27,019,023,024,27,99,00.000000,00.000000
