anonID,name,mac
1,unknown,fe:3d:93:52:d0:6a
2,paresh.d,fc:db:b3:eb:17:25
3,eren.c,fc:aa:b6:fa:77:94
4,19110065,fc:aa:b6:f6:d5:3a
5,19110093,fc:aa:b6:ee:6e:52
6,19210017,fc:aa:b6:ed:a4:32
7,18110187,fc:aa:b6:e2:bd:4f
8,19110190,fc:aa:b6:e2:2f:03
9,komal,fc:aa:b6:d4:11:3e
10,19110168,fc:aa:b6:d3:d1:c4
11,unknown,fc:aa:b6:d1:cc:4e
12,unknown,fc:aa:b6:d0:70:bd
13,19210018,fc:aa:b6:c2:0e:56
14,namrata.saxena,fc:aa:b6:af:8e:c0
15,19310029,fc:aa:b6:ae:b9:94
16,unknown,fc:aa:b6:ac:3f:0d
17,arup,fc:aa:b6:97:aa:81
18,micheldanino,fc:aa:b6:78:bb:48
19,16510039,fc:aa:b6:71:5f:26
20,18310058,fc:aa:b6:6e:41:60
21,ishan.raval,fc:aa:b6:6a:3e:8a
22,19350008,fc:aa:b6:5c:cd:f5
23,17110045,fc:aa:b6:52:23:50
24,jinal.panchal,fc:aa:b6:45:32:84
25,18510073,fc:aa:b6:41:c8:e4
26,birhman.krishan,fc:aa:b6:41:27:aa
27,dilip.sundaram,fc:aa:b6:2d:f1:2c
28,19210038,fc:aa:b6:26:4e:cf
29,unknown,fc:aa:b6:19:10:7d
30,18310039,fc:aa:b6:10:1f:81
31,akhila.n,fc:aa:b6:0c:59:af
32,unknown,fc:a6:67:89:70:d0
33,unknown,fc:65:de:83:97:d9
34,unknown,fc:3d:93:76:9e:28
35,17310033,fc:01:7c:a4:a4:c9
36,unknown,fc:01:7c:9a:07:ed
37,unknown,fc:01:7c:96:b2:67
38,unknown,fc:01:7c:7a:ee:d5
39,unknown,fc:01:7c:73:4f:d9
40,unknown,fc:01:7c:4e:f5:89
41,ravi.ayyagari,fc:01:7c:26:79:53
42,unknown,fc:01:7c:1c:c0:e3
43,unknown,fc:01:7c:05:9c:4b
44,18110180,f8:e7:a0:42:1e:4f
45,unknown,f8:e7:a0:3d:45:df
46,19110054,f8:e7:a0:3c:5f:cf
47,18110090,f8:e7:a0:3a:e9:63
48,18210030,f8:e7:a0:39:7c:4d
49,19110187,f8:e7:a0:36:4b:45
50,unknown,f8:e7:a0:34:5b:87
51,19110106,f8:e7:a0:2c:5c:31
52,smalaviya,f8:e7:a0:1c:fb:37
53,unknown,f8:da:0c:37:38:bd
54,unknown,f8:da:0c:37:13:ad
55,unknown,f8:c3:9e:d1:e2:c5
56,unknown,f8:a2:d6:e8:fb:cb
57,19310032,f8:a2:d6:d4:86:29
58,unknown,f8:2f:6a:40:61:b2
59,17210083,f8:28:19:d0:de:7b
60,unknown,f8:28:19:c7:af:1b
61,17110143,f8:28:19:7b:b9:cd
62,unknown,f8:28:19:32:b8:e0
63,unknown,f8:1d:78:ef:96:18
64,sriram,f8:16:54:4a:4a:d4
65,pgmakwana,f4:f5:db:b9:4a:81
66,18250027,f4:f5:db:b8:99:0b
67,19210088,f4:f5:db:b8:08:1d
68,unknown,f4:f5:db:b7:73:5b
69,14350008,f4:f5:db:b5:7a:41
70,15310009,f4:f5:db:b4:9f:09
71,17110115,f4:f5:db:b1:7e:e5
72,16110102,f4:f5:db:ad:3c:5d
73,spatel,f4:f5:db:ac:00:49
74,skpandey,f4:f5:db:a9:e6:81
75,unknown,f4:f5:db:a0:34:d5
76,17310018,f4:f5:db:9d:ab:41
77,snbanerjee,f4:f5:db:9c:95:03
78,unknown,f4:f5:db:97:1e:11
79,janardan.k,f4:f5:db:97:07:eb
80,divyangi.chaudhari,f4:f5:db:91:d7:f3
81,14350004,f4:f5:db:90:98:df
82,19510021,f4:f5:db:8f:b3:17
83,17110137,f4:f5:db:8a:ab:c1
84,unknown,f4:f5:db:88:e5:1b
85,16510035,f4:f5:db:82:95:b5
86,hemantkg,f4:f5:24:b0:a4:b5
87,18510067,f4:f5:24:4a:73:38
88,unknown,f4:f5:24:1d:90:53
89,18510025,f4:f5:24:00:65:df
90,17350002,f4:d1:08:ba:6e:1d
91,unknown,f4:bf:80:59:03:5d
92,unknown,f4:96:34:fe:4a:16
93,haresh.c,f4:8b:32:2e:b4:6f
94,agautam,f4:5c:89:a1:3c:db
95,unknown,f4:5c:89:4c:8c:9a
96,unknown,f4:0f:24:2e:ff:34
97,17310031,f4:06:69:bd:59:84
98,vmtrigo,f0:ee:10:ea:b5:d8
99,atul.bhargav,f0:d7:aa:e0:8c:53
100,vjain,f0:d7:aa:de:8c:35
101,unknown,f0:d7:aa:da:4b:e6
102,unknown,f0:d7:aa:ac:7e:79
103,unknown,f0:d7:aa:ab:3b:03
104,unknown,f0:d7:aa:aa:88:6e
105,16110006,f0:d7:aa:97:b2:03
106,unknown,f0:d7:aa:75:24:b5
107,unknown,f0:d7:aa:5d:04:8a
108,unknown,f0:d7:aa:28:7b:c0
109,amit.solucky12,f0:d7:aa:03:6a:dc
110,19250013,f0:c1:f1:ba:65:66
111,unknown,f0:81:73:af:69:cd
112,sharada.c,f0:79:59:a8:7c:2c
113,18110047,f0:76:6f:e7:85:47
114,19310021,f0:76:6f:e4:36:9c
115,unknown,f0:6e:0b:c7:95:c2
116,ganesh.thakor,f0:25:b7:70:82:4b
117,unknown,f0:18:98:a2:23:cd
118,unknown,f0:18:98:9c:d3:76
119,shanmuga,f0:18:98:77:80:ff
120,unknown,f0:18:98:65:a5:3b
121,18110059,f0:18:98:16:da:cf
122,unknown,f0:03:8c:c1:e4:7d
123,unknown,f0:03:8c:c1:4b:67
124,unknown,f0:03:8c:3d:22:9a
125,17110020,ec:d0:9f:36:f6:92
126,unknown,ec:d0:9f:32:e0:e6
127,dbasu,ec:ad:b8:8d:01:5d
128,18210006,ec:8c:9a:d2:ac:aa
129,15310019,ec:8c:9a:cf:d3:03
130,unknown,ec:89:14:ef:80:58
131,16110043,ec:5c:68:e1:e2:37
132,unknown,ec:5c:68:a3:61:2f
133,15310066,ec:5c:68:58:23:09
134,18310034,ec:2c:e2:b5:db:42
135,naran,ec:1f:72:c8:b1:e9
136,unknown,ec:01:ee:fe:8f:7d
137,19210021,ec:01:ee:fd:db:fb
138,unknown,ec:01:ee:f2:5f:5b
139,unknown,ec:01:ee:f0:a5:8b
140,16110070,ec:01:ee:e9:29:66
141,14110083,ec:01:ee:e7:8c:b8
142,unknown,ec:01:ee:de:a9:1f
143,unknown,ec:01:ee:d5:36:48
144,17110103,ec:01:ee:d4:51:62
145,17110086,ec:01:ee:c1:ea:1b
146,18310057,ec:01:ee:c0:53:07
147,unknown,ec:01:ee:b8:39:50
148,18110131,e8:9e:b4:05:37:4f
149,prasanth.n,e8:50:8b:48:99:9c
150,amishra,e8:4e:06:34:df:75
151,unknown,e8:2a:44:43:54:d6
152,18110134,e4:f8:9c:da:23:61
153,19210082,e4:f8:9c:cd:a8:89
154,unknown,e4:f8:9c:b6:89:c4
155,unknown,e4:f8:9c:b6:30:82
64,sriram,e4:c8:01:a6:0f:1b
156,19210011,e4:c4:83:f7:02:43
157,16110162,e4:c4:83:f3:6c:b9
158,16110055,e4:a4:71:ce:57:bb
159,sudipta.das,e4:70:b8:a7:c5:e7
160,unknown,e4:5d:75:e0:46:8d
161,18310065,e4:5d:75:bc:05:76
162,adixit,e4:5d:75:67:10:b1
163,unknown,e4:5d:75:4e:9e:57
164,pradipta.ghosh,e4:5d:75:39:1e:6d
165,18310008,e4:5d:75:34:67:56
166,16110073,e4:5d:75:29:bd:3e
167,16110051,e4:5d:75:1b:ed:ca
168,unknown,e4:46:da:be:46:fd
169,18210067,e4:46:da:b4:4a:f7
170,unknown,e4:46:da:b3:c6:e5
171,16110093,e4:46:da:b3:48:65
172,sunnythomas,e4:46:da:b2:6d:99
173,19510074,e4:46:da:9b:4d:57
174,unknown,e4:46:da:95:28:15
175,18510060,e4:46:da:3d:55:93
176,17110158,e4:46:da:33:a2:85
177,19210047,e4:46:da:32:7e:01
178,vishnudeth,e4:46:da:2f:7a:d3
179,s.nemala,e4:46:da:2d:63:f3
180,unknown,e4:46:da:2c:bb:0b
181,16110132,e4:46:da:2b:4d:0b
182,17310002,e4:46:da:28:d1:75
183,16110084,e4:46:da:15:41:d7
184,tapas.h,e4:46:da:13:51:eb
185,mishra.vishwajeet,e4:46:da:12:52:33
186,16310033,e4:46:da:0e:c4:57
187,unknown,e4:46:da:0e:06:ef
188,unknown,e4:46:da:07:a8:bd
189,17110029,e4:46:da:06:33:8f
190,17110120,e4:46:da:01:18:4b
191,unknown,e4:3e:d7:7b:c9:ea
192,15310051,e4:2b:34:b1:d5:07
193,18210108,e4:0e:ee:af:01:54
194,18110010,e4:0e:ee:ae:d6:98
195,19110177,e4:0e:ee:19:f1:0b
94,agautam,e4:02:9b:56:62:c4
196,17110092,e4:02:9b:54:25:7c
197,19510025,e4:02:9b:03:14:fc
198,19110131,e0:dc:ff:87:04:2a
199,unknown,e0:dc:ff:85:ee:44
200,15310003,e0:dc:ff:7d:a1:12
201,shivashankar.s,e0:dc:ff:75:6f:a6
202,unknown,e0:cb:ee:a3:63:ff
203,manish.kumar,e0:ca:94:74:6c:12
204,18310020,e0:ac:cb:83:70:d2
205,unknown,e0:9d:31:2e:81:28
206,17210041,e0:99:71:01:44:d6
207,unknown,e0:98:61:87:3d:ed
208,unknown,e0:98:61:70:f9:d1
209,13310043,e0:94:67:e1:86:4c
210,17520022,e0:5f:45:3f:3b:0a
211,19510035,e0:5f:45:1b:c4:e2
212,neeru.singh,e0:33:8e:18:d4:1f
213,19110014,e0:13:b5:a0:c2:e9
214,unknown,e0:13:b5:90:b0:3d
215,unknown,e0:06:e6:16:6e:eb
216,18110106,de:a2:bc:20:dc:57
217,unknown,dc:f5:05:ed:07:81
218,19350004,dc:f5:05:6c:dd:ff
219,unknown,dc:de:4f:03:b4:e4
220,19210048,dc:bf:e9:d3:5f:cc
221,unknown,dc:bf:e9:67:5c:bd
222,unknown,dc:bf:e9:4f:9a:3f
223,ra.venkitachalam,dc:a9:04:54:5b:93
224,cdpahlajani,dc:a4:ca:91:04:b4
225,nma.arch,dc:a2:66:3f:6b:df
169,18210067,dc:a2:66:3d:7b:8b
226,unknown,dc:a2:66:31:36:85
227,unknown,dc:a2:66:30:fe:79
175,18510060,dc:a2:66:29:e9:b5
228,unknown,dc:8b:28:58:6b:7d
229,unknown,dc:8b:28:3f:1a:29
230,unknown,dc:85:de:15:e8:48
231,unknown,dc:72:9b:33:58:a5
232,19210117,dc:6d:cd:ea:a0:db
233,arnab.saha,dc:6d:cd:d5:e7:f7
234,17110129,dc:55:83:d6:3e:03
235,vinod,dc:1a:c5:e9:09:cf
236,17110111,dc:1a:c5:e5:2b:01
237,kabeer,dc:1a:c5:79:6d:db
238,unknown,dc:1a:c5:6f:06:d5
239,unknown,dc:1a:c5:35:2d:b5
164,pradipta.ghosh,d8:f2:ca:32:e1:8c
240,18310049,d8:9c:67:87:ea:01
241,unknown,d8:9c:67:12:52:91
242,unknown,d8:6c:02:be:73:aa
243,unknown,d8:6c:02:be:37:78
244,unknown,d8:6c:02:b8:54:30
245,19110046,d8:63:75:fc:be:bf
246,sarvesh.chandra,d8:63:75:f9:9c:48
247,19310047,d8:63:75:ed:c9:44
248,13350009,d8:63:75:e0:5e:9a
249,19310006,d8:63:75:47:89:d5
250,19510026,d8:5d:e2:a6:a7:cd
251,19210113,d8:5d:e2:9a:db:11
252,unknown,d8:5d:e2:0b:92:79
253,unknown,d8:50:e6:79:44:a2
254,kaushik.r,d8:32:e3:fa:5e:66
41,ravi.ayyagari,d8:32:e3:ed:b9:02
255,vinod.baghel,d8:32:e3:ec:c9:18
256,unknown,d8:32:e3:e4:dc:c6
257,unknown,d8:32:e3:da:ed:5c
258,unknown,d8:32:e3:ca:2b:82
259,19520031,d8:32:e3:c2:fd:f2
260,iitgn,d8:32:e3:c2:52:a2
261,unknown,d8:32:e3:7a:86:43
262,18110172,d8:32:e3:79:a6:57
263,sjpatani,d8:32:e3:79:36:77
264,unknown,d8:32:e3:78:c3:4d
265,15210055,d8:32:e3:78:16:85
266,18110154,d8:32:e3:75:81:e3
267,w.shanka,d8:32:e3:74:61:29
268,17110135,d8:32:e3:73:3f:41
269,unknown,d8:32:e3:71:e3:37
270,kamini.patel,d8:32:e3:71:df:9b
271,18510062,d8:32:e3:71:1b:01
272,18210088,d8:32:e3:70:b9:df
273,18110072,d8:32:e3:6e:c6:47
274,17110065,d8:32:e3:6c:45:e7
275,18110084,d8:32:e3:6b:fa:21
276,unknown,d8:32:e3:6b:9c:55
277,18110140,d8:32:e3:6a:91:57
278,18110023,d8:32:e3:6a:71:71
279,18210075,d8:32:e3:69:db:55
280,18210090,d8:32:e3:69:d9:a3
281,19210054,d8:32:e3:67:48:26
282,18210106,d8:32:e3:66:ae:a2
283,unknown,d8:32:e3:64:80:c4
284,18110193,d8:32:e3:63:d7:a8
285,unknown,d8:32:e3:63:97:90
286,18310040,d8:32:e3:61:50:6a
287,18110018,d8:32:e3:61:05:ac
288,17110182,d8:32:e3:5e:fc:c4
289,17110151,d8:32:e3:5e:c9:40
290,unknown,d8:32:e3:5d:65:8a
291,gmanoj,d8:32:e3:5c:fd:ce
292,jayesh.prajapati,d8:32:e3:5a:d1:68
293,unknown,d8:32:e3:59:9b:54
294,18110114,d8:32:e3:57:42:d0
295,16110154,d8:32:e3:55:b6:82
296,17110094,d8:32:e3:54:2b:50
297,unknown,d8:32:e3:54:03:e8
298,unknown,d8:32:e3:53:e4:f2
299,18110169,d8:32:e3:53:e2:58
300,18110188,d8:32:e3:53:ab:18
301,16110067,d8:32:e3:53:66:7c
302,18110019,d8:32:e3:51:ca:f6
303,18110046,d8:32:e3:51:c8:82
304,17110057,d8:32:e3:51:88:f2
305,unknown,d8:32:e3:51:5f:0a
306,unknown,d8:32:e3:51:3e:52
307,18110035,d8:32:e3:4f:44:2e
308,18110135,d8:32:e3:4e:56:d6
309,19110055,d8:32:e3:4d:92:4a
310,18110066,d8:32:e3:4c:5a:3e
311,19210135,d8:32:e3:4a:f8:ce
312,unknown,d8:32:e3:47:76:d2
313,19210116,d8:32:e3:47:39:56
314,18110189,d8:32:e3:43:54:c2
315,unknown,d8:32:e3:43:0b:6e
316,pankaj.godara,d8:32:e3:3b:89:94
317,unknown,d8:32:e3:3b:30:76
318,18110118,d8:32:e3:37:58:bc
319,18520021,d8:32:e3:36:3a:d2
320,19210128,d8:32:e3:33:0c:20
321,16110064,d8:32:e3:31:3f:88
322,18310068,d8:32:e3:30:ce:e8
323,unknown,d8:32:e3:30:ca:04
324,19210028,d8:32:e3:30:2b:12
325,18110160,d8:32:e3:2f:09:d0
326,unknown,d8:32:e3:2e:ab:92
327,18110088,d8:32:e3:2e:1d:fa
328,unknown,d8:32:e3:2e:18:0c
329,17210044,d8:32:e3:2b:8c:f6
330,18310017,d8:32:e3:26:ca:38
331,unknown,d8:32:e3:23:fe:12
332,18510053,d8:32:e3:23:1c:da
333,17110059,d8:32:e3:23:06:5a
334,19510043,d8:32:e3:01:f5:16
335,19110130,d8:1e:dd:fa:93:cf
336,unknown,d8:1e:dd:38:19:7f
337,tenilss,d8:1e:dd:35:c6:f3
338,msairam,d8:1e:dd:33:b1:19
339,ankeetpatel1930,d8:1c:79:d2:49:f2
340,hegder,d8:0f:99:5f:4d:1d
341,unknown,d8:0f:99:55:71:35
342,unknown,d4:6d:6d:b8:19:e7
343,18250021,d4:6d:6d:ab:db:00
344,19210089,d4:6d:6d:9b:1a:ae
345,babji.srinivasan,d4:6d:6d:5e:a1:c3
346,unknown,d4:6a:6a:ab:2f:17
347,17110122,d4:6a:6a:5e:ef:91
348,unknown,d4:6a:6a:35:59:d1
349,unknown,d4:6a:6a:34:e6:cf
350,unknown,d4:63:c6:ff:31:61
351,19520008,d4:63:c6:b1:c2:38
352,unknown,d4:63:c6:b1:82:60
353,17110116,d4:63:c6:9e:25:08
354,unknown,d4:63:c6:6c:26:e7
355,unknown,d4:63:c6:62:c2:fa
99,atul.bhargav,d4:63:c6:59:95:e3
356,18510084,d4:63:c6:59:21:49
357,19250021,d4:63:c6:43:18:a9
358,unknown,d4:25:8b:8e:fb:61
359,18510035,d4:1a:3f:f2:37:a3
360,19510014,d4:11:a3:0f:c9:ff
361,unknown,d0:ff:98:9b:c8:a1
362,unknown,d0:f8:8c:f5:93:07
363,unknown,d0:f8:8c:f5:67:4b
364,meena,d0:f8:8c:c4:b4:d2
365,kaustubhrane,d0:f8:8c:c2:21:c3
366,16110072,d0:f8:8c:a0:5b:8f
367,19510018,d0:f8:8c:a0:47:d7
368,unknown,d0:f8:8c:94:c8:a9
369,unknown,d0:f8:8c:36:76:be
370,unknown,d0:f8:8c:34:00:0e
371,unknown,d0:d7:83:cd:5b:1a
372,spm,d0:c5:f3:f2:59:c6
373,unknown,d0:c5:f3:f0:ea:64
374,unknown,d0:c5:d3:da:67:7b
375,unknown,d0:c5:d3:ca:d1:05
376,18310063,d0:c5:d3:77:ae:3d
377,16310031,d0:81:7a:c8:26:1c
378,13210022,d0:81:7a:c6:27:66
379,19520030,d0:81:7a:af:0d:26
380,unknown,d0:77:14:b5:23:d8
381,18250017,d0:53:49:e1:10:a7
165,18310008,d0:53:49:33:f8:78
382,unknown,d0:04:01:cd:7e:6e
383,unknown,d0:04:01:c5:e3:fb
384,jignesh.patel,d0:04:01:c4:99:11
385,19210074,d0:04:01:a2:d0:84
386,17110075,d0:04:01:65:97:79
387,unknown,d0:04:01:62:08:0c
388,15310047,d0:04:01:60:91:fc
389,unknown,d0:04:01:60:69:c7
390,unknown,d0:04:01:5d:b0:fc
391,unknown,d0:04:01:21:61:ca
392,vineet.vashista,d0:03:4b:b4:12:2d
393,unknown,cc:f7:35:40:61:87
394,jm,cc:c0:79:98:f5:43
395,unknown,cc:c0:79:80:5b:46
396,njrabadiya,cc:b2:55:ff:2b:c5
397,unknown,cc:b0:da:96:ba:a1
333,17110059,cc:b0:da:66:69:b9
330,18310017,cc:af:78:a7:91:97
398,19250005,cc:af:78:98:f2:ff
399,unknown,cc:af:78:96:2f:67
400,16110082,cc:9f:7a:f5:c0:09
401,unknown,cc:9f:7a:f5:ae:0f
402,19110188,cc:9f:7a:e9:be:5a
403,joshikn,cc:9f:7a:ca:94:e3
15,19310029,cc:9f:7a:97:42:00
404,unknown,cc:9f:7a:92:7e:a6
405,unknown,cc:9f:7a:92:19:e1
406,unknown,cc:78:5f:c9:59:bb
407,19210003,cc:61:e5:ed:07:40
408,18520015,cc:61:e5:43:e0:ba
409,unknown,cc:50:e3:5d:2c:3d
410,neeldhara.m,cc:44:63:d8:43:c5
410,neeldhara.m,cc:44:63:bd:25:5d
411,19510054,cc:2f:71:dd:b2:c4
412,unknown,cc:2f:71:92:bf:0d
413,unknown,cc:2f:71:8e:e7:48
414,19310028,cc:2f:71:2c:7e:69
415,leslee.lazar,cc:2f:71:21:5a:4d
416,unknown,cc:2f:71:13:7f:f9
417,19110066,cc:2f:71:10:f7:25
418,dineshpatil,cc:2d:83:f1:53:70
419,daycare,cc:25:ef:48:12:b3
420,19250010,cc:25:ef:42:f9:e2
421,17510029,c8:ff:28:ca:4a:85
422,unknown,c8:ff:28:62:45:2b
266,18110154,c8:ff:28:24:ba:57
423,unknown,c8:f7:33:c9:a9:4b
424,unknown,c8:f7:33:8c:b7:20
425,mcj,c8:f6:50:c5:2f:59
426,19210102,c8:f2:30:dd:2c:b7
427,18520002,c8:f2:30:db:b5:29
428,nirmal.jha,c8:e0:eb:94:1e:82
429,singhara.k,c8:e0:eb:43:90:59
430,franklin,c8:e0:eb:3f:94:43
431,unknown,c8:e0:eb:3f:6d:83
432,15110018,c8:d7:79:be:8c:5d
433,14310053,c8:d0:83:9d:35:9e
434,17110100,c8:85:50:ef:b3:1a
435,17110175,c8:85:50:0d:67:9c
436,tkdas,c8:3d:dc:f7:2f:f6
437,sanjeevbsharma19943p,c8:3d:d4:83:2f:c7
414,19310028,c8:25:e1:d3:d3:99
438,unknown,c8:25:e1:d3:74:e6
439,18350002,c8:25:e1:23:81:07
440,unknown,c4:c5:63:b3:56:a8
441,16110151,c4:b3:01:d7:f0:b1
442,13310017,c4:b3:01:48:fd:99
443,unknown,c4:9f:4c:f8:c8:91
444,17250006,c4:9f:4c:ee:f9:b3
445,unknown,c4:9d:ed:a8:6b:a0
446,madhu.vadali,c4:9d:ed:2c:d3:f0
150,amishra,c4:9a:02:52:70:ff
447,unknown,c4:95:00:db:5e:ec
448,unknown,c4:95:00:22:a7:9c
449,18110153,c4:8e:8f:77:9e:c5
450,18510003,c4:8e:8f:65:c8:bd
451,unknown,c4:86:e9:b2:a8:fb
452,19210094,c4:3a:be:b3:7a:f9
453,unknown,c4:3a:be:47:69:85
454,17110093,c4:2a:d0:e9:60:b1
455,18110168,c4:2a:d0:9c:b3:ac
456,unknown,c4:2a:d0:9a:02:4d
457,unknown,c4:17:fe:c7:9d:96
458,unknown,c4:17:fe:55:65:8a
459,19210081,c4:0b:cb:dd:03:1d
460,nileshsoni3000,c4:0b:cb:d9:c0:1d
461,unknown,c4:0b:cb:d6:12:b9
462,dharmendra.panchal,c4:0b:cb:cc:56:79
463,19310052,c4:0b:cb:c5:c3:6f
464,18210042,c4:0b:cb:6d:24:ab
465,19210045,c4:0b:cb:6a:a4:85
466,18310024,c4:0b:cb:53:f2:9d
467,13210024,c0:f4:e6:4b:56:b5
468,13210026,c0:f4:e6:4b:4d:f5
150,amishra,c0:ee:fb:fa:e9:0a
469,18310015,c0:ee:fb:de:b2:6b
470,16110160,c0:ee:fb:dc:f7:b6
471,nihar.p,c0:ee:fb:dc:5d:3b
472,unknown,c0:ee:fb:80:11:cd
473,unknown,c0:ee:fb:56:0c:2d
474,13310048,c0:ee:fb:53:72:06
475,tskumbar,c0:ee:fb:53:40:a3
476,unknown,c0:b6:f9:75:c3:80
30,18310039,c0:b6:f9:12:c2:e4
477,jaichander.s,c0:b6:58:d2:ce:44
478,16110053,c0:a6:00:7b:70:80
479,19110040,c0:9f:05:61:00:29
480,vijay,c0:9a:d0:ae:f9:73
481,mithunr,c0:9a:d0:a1:c9:d7
482,priyak,c0:9a:d0:a0:fe:01
325,18110160,c0:18:85:c3:d8:2b
483,19110044,be:a9:07:ae:c3:7d
484,r.bhaskar,bc:ff:eb:a7:cd:1b
485,karlamshekhar,bc:fe:d9:8d:1e:b3
486,unknown,bc:d1:1f:f7:9b:6b
487,19520025,bc:d1:1f:ed:b4:55
488,16110047,bc:d1:1f:bc:18:8d
489,sudiptas,bc:d1:1f:b3:25:df
490,14110034,bc:d1:1f:81:c5:d0
491,16110079,bc:d1:1f:7d:a8:b1
492,unknown,bc:d1:1f:66:33:59
493,gauravk,bc:d1:1f:5a:8b:a9
494,unknown,bc:b8:63:88:f4:2b
495,18210101,bc:b8:63:70:1d:3f
496,17110090,bc:9f:ef:ef:2b:d9
497,jmanjaly,bc:9f:ef:eb:42:03
498,18520001,bc:9f:ef:74:78:02
499,16110159,bc:9f:ef:5b:ed:8e
500,unknown,bc:85:56:c0:62:0b
169,18210067,bc:83:85:02:6e:24
501,raghava.b,bc:6c:21:52:79:03
260,iitgn,bc:54:36:2e:17:33
502,unknown,bc:3d:85:f0:9c:49
503,cbhushanrautal,bc:3d:85:c6:fd:f1
504,18210114,bc:3a:ea:e3:16:ea
505,arnapurna,bc:2f:3d:db:6b:93
506,varaprasad.d,bc:2f:3d:db:1a:93
507,unknown,bc:2f:3d:d5:96:37
508,17110011,bc:2f:3d:c9:6a:a3
509,16110018,bc:2f:3d:a5:91:a3
510,19510087,bc:2f:3d:82:48:64
425,mcj,bc:2f:3d:6f:3f:fc
511,unknown,bc:2f:3d:59:6a:6e
512,17110009,bc:2f:3d:55:6d:0e
513,17110096,bc:2f:3d:52:9d:da
514,unknown,bc:2f:3d:2f:3b:62
515,17110139,bc:2f:3d:2e:fa:2a
516,19210013,bc:2f:3d:28:85:30
517,unknown,b8:ee:65:3a:9b:20
518,19110038,b8:d7:af:66:bf:f0
519,16110142,b8:d7:af:16:58:6d
520,unknown,b8:d7:af:0d:95:05
521,unknown,b8:d7:af:0b:81:b6
522,18210085,b8:c7:4a:c0:78:2f
523,jigar.s,b8:c7:4a:bf:8f:e5
524,15110081,b8:c7:4a:bd:d7:11
525,16110114,b8:c7:4a:bc:75:23
526,unknown,b8:c7:4a:b6:ea:0b
527,unknown,b8:c7:4a:2e:c0:2d
528,unknown,b8:c1:11:bb:80:3d
529,unknown,b8:c1:11:a4:ab:14
530,14310041,b8:a3:86:92:c5:58
531,unknown,b8:94:36:96:45:08
200,15310003,b8:86:87:46:6c:eb
532,unknown,b8:86:87:39:4a:1b
533,unknown,b8:86:87:07:e5:5b
534,16110179,b8:81:98:89:9f:72
535,unknown,b8:76:3f:7d:36:15
536,19110084,b8:64:91:e9:b0:36
537,18250002,b8:5a:73:ec:29:3f
538,unknown,b8:57:d8:14:f2:01
539,unknown,b8:27:eb:85:c7:62
540,19110199,b8:09:8a:81:9d:b2
541,unknown,b8:08:d7:38:18:d0
542,baradhwaj,b4:f6:1c:55:92:0e
543,unknown,b4:f1:da:ca:85:e7
544,unknown,b4:ef:fa:b8:21:e0
545,19210027,b4:ef:fa:94:12:44
546,18310045,b4:ef:fa:7a:ac:09
547,n.shukla,b4:ef:fa:15:37:ab
119,shanmuga,b4:d5:bd:6a:c9:62
548,unknown,b4:cd:27:83:3f:1c
549,unknown,b4:cd:27:82:a3:a5
550,13210003,b4:cb:57:cb:4c:d3
551,venkayala.vs,b4:cb:57:90:48:af
552,19510084,b4:c4:fc:d7:6f:f8
260,iitgn,b4:c4:fc:d0:1b:04
553,16110127,b4:c4:fc:cf:44:9d
554,19510011,b4:c4:fc:cc:ac:81
555,15350004,b4:c4:fc:cc:87:75
556,unknown,b4:c4:fc:c6:2b:89
557,16110152,b4:c4:fc:c3:4f:bb
169,18210067,b4:c4:fc:c3:4a:a7
558,18510037,b4:c4:fc:c2:a6:6f
559,mihika.t,b4:c4:fc:c2:45:a1
131,16110043,b4:c4:fc:bd:a9:0a
560,19310045,b4:c4:fc:bc:43:f2
561,16210074,b4:c4:fc:bb:3d:a8
196,17110092,b4:c4:fc:ba:ec:9e
562,18510038,b4:c4:fc:ba:b1:b2
563,16110129,b4:c4:fc:b5:aa:36
564,unknown,b4:c4:fc:b3:a3:be
97,17310031,b4:c4:fc:b3:14:84
565,19210044,b4:c4:fc:b1:bc:6e
566,18520006,b4:c4:fc:b0:66:08
567,vkjithesh,b4:c4:fc:b0:3e:9c
568,19110022,b4:c4:fc:aa:47:8e
292,jayesh.prajapati,b4:c4:fc:a9:76:b2
569,unknown,b4:c4:fc:a6:80:5e
570,19210016,b4:c4:fc:a4:bf:a4
571,17110179,b4:c4:fc:a4:9e:ba
572,19110097,b4:c4:fc:a3:7b:c8
573,13310006,b4:c4:fc:a2:9b:a4
574,19110016,b4:c4:fc:a1:e8:c8
575,19110105,b4:c4:fc:9f:7f:ba
576,18110067,b4:c4:fc:9e:bd:e2
577,19110101,b4:c4:fc:9c:e5:14
578,unknown,b4:c4:fc:9a:7b:f8
579,19210096,b4:c4:fc:99:38:80
580,gauravpatel,b4:c4:fc:98:c9:92
581,19310027,b4:c4:fc:98:18:e4
582,sanjaypatel,b4:c4:fc:97:4a:f0
81,14350004,b4:c4:fc:8f:f4:16
583,18510070,b4:c4:fc:8c:f2:90
584,17110050,b4:c4:fc:88:3c:22
585,19110037,b4:c4:fc:87:c2:c2
586,19210051,b4:c4:fc:83:ed:7a
587,19110013,b4:c4:fc:81:d7:72
588,unknown,b4:9c:df:9d:83:cc
589,18510087,b4:6b:fc:2c:93:63
590,timir,b4:52:7e:97:e9:ce
591,unknown,b0:fc:36:73:06:69
592,ajit.singh,b0:e2:35:c0:39:4e
593,16110059,b0:e2:35:5d:9d:8b
594,supresh,b0:e2:35:59:0c:8d
595,19520026,b0:c0:90:65:c5:f1
596,unknown,b0:52:16:98:39:fd
597,17110121,b0:52:16:47:07:2b
598,unknown,b0:52:16:3c:ce:5f
599,18510072,b0:52:16:3c:2c:e7
600,unknown,b0:52:16:3b:c9:83
601,unknown,b0:52:16:12:b2:7b
602,aramanath,b0:47:bf:9d:55:11
410,neeldhara.m,b0:41:1d:7a:75:3e
603,unknown,b0:35:9f:5a:28:ff
604,unknown,b0:35:9f:52:de:b0
372,spm,b0:19:c6:c7:98:6f
260,iitgn,b0:10:41:39:40:6d
605,18310011,ac:fd:ce:56:cf:d4
606,16110075,ac:ee:9e:8a:ff:0b
607,17110030,ac:ed:5c:1b:d4:42
608,19310005,ac:e0:10:14:86:93
372,spm,ac:c3:3a:e9:f8:32
609,varshil1919,ac:c3:3a:dd:cf:f6
610,16110045,ac:c3:3a:c1:1d:ee
611,unknown,ac:c3:3a:b1:82:a8
612,19510083,ac:c3:3a:a2:c2:ea
613,bhatia.u,ac:c3:3a:6c:9a:fc
614,19110129,ac:c3:3a:33:cd:85
615,yogesh.j,ac:c3:3a:0b:8d:fd
616,19350005,ac:c1:ee:bc:5d:b7
617,19250006,ac:c1:ee:bc:51:93
484,r.bhaskar,ac:c1:ee:b6:7e:a3
618,tejg,ac:c1:ee:b1:a5:5f
619,unknown,ac:c1:ee:b1:08:7f
620,14210087,ac:c1:ee:af:5b:a5
621,18310050,ac:c1:ee:ab:6c:f7
622,17250013,ac:c1:ee:68:78:8f
623,19210141,ac:c1:ee:4b:c6:91
410,neeldhara.m,ac:bc:32:77:a1:37
624,unknown,ac:9e:17:39:e7:ef
223,ra.venkitachalam,ac:88:fd:20:77:23
625,unknown,ac:5f:3e:a3:23:bb
626,unknown,ac:5a:14:a9:33:c6
394,jm,ac:5a:14:9d:d0:27
627,19310002,ac:57:75:b3:f6:e7
628,unknown,ac:57:75:b3:ee:39
629,16210123,ac:57:75:a5:f9:8f
630,usingh,ac:57:75:a5:d5:74
421,17510029,ac:57:75:5f:aa:ad
631,19210146,ac:57:75:49:ed:54
632,14310057,ac:57:75:48:da:88
633,armugam,ac:56:2c:96:5b:21
634,unknown,ac:56:2c:52:5c:a9
635,19510030,ac:37:43:ea:76:29
636,bhikhupatel,ac:35:ee:60:ab:c5
637,hatim.sham,ac:2b:6e:e8:ee:28
488,16110047,ac:2b:6e:c4:60:58
638,16110004,ac:2b:6e:11:15:84
542,baradhwaj,ac:29:3a:9f:40:d7
639,unknown,ac:29:3a:94:f4:83
640,18520019,ac:1f:74:1b:6c:dd
2,paresh.d,ac:0d:1b:fd:70:d7
641,17110085,a8:db:03:79:7d:96
237,kabeer,a8:db:03:53:be:05
642,16110066,a8:db:03:52:6f:46
590,timir,a8:db:03:15:82:18
643,unknown,a8:be:27:36:ba:31
644,unknown,a8:a7:95:23:f4:fb
645,unknown,a8:96:75:7e:41:84
646,unknown,a8:96:75:7d:be:74
647,18210010,a8:96:75:03:7a:aa
648,19520011,a8:96:75:02:54:41
649,unknown,a8:88:08:e6:fc:5d
650,unknown,a8:7d:12:31:9f:04
651,18110087,a8:6b:ad:6c:6e:5b
652,19310007,a8:6b:ad:51:e2:57
653,unknown,a8:6b:ad:3a:92:a5
654,16110157,a8:5c:2c:e6:fa:8b
655,nihar,a8:5c:2c:db:b9:3b
656,unknown,a8:5c:2c:da:32:60
204,18310020,a8:3e:0e:73:5f:72
657,sunil.powency,a8:3e:0e:71:2b:d5
658,unknown,a8:3e:0e:6c:9c:0c
659,unknown,a8:3e:0e:62:28:b3
660,19210143,a8:3e:0e:61:b5:dc
661,17110083,a8:3e:0e:5f:01:0d
662,unknown,a8:34:6a:a3:e5:9a
638,16110004,a4:f1:e8:d9:93:53
663,unknown,a4:e9:75:a3:bf:89
664,18520020,a4:e9:75:70:07:c0
224,cdpahlajani,a4:d1:8c:ec:08:ba
547,n.shukla,a4:c3:f0:55:71:84
665,unknown,a4:93:3f:69:91:83
666,unknown,a4:83:e7:4c:fd:c0
667,17210079,a4:70:d6:80:ab:65
668,16110033,a4:70:d6:80:4f:ee
669,14310059,a4:70:d6:7e:07:bd
670,unknown,a4:70:d6:3e:47:40
671,arnab.dutta,a4:5e:60:d2:5e:b9
135,naran,a4:5e:60:83:73:de
134,18310034,a4:34:d9:c9:d7:36
672,18210087,a4:17:31:e1:61:35
673,unknown,a4:17:31:c1:ba:87
316,pankaj.godara,a4:12:32:c8:07:6b
674,18250024,a0:e4:53:7e:c2:c8
675,vmishra,a0:d7:95:cd:ed:a0
676,jaiprakash.chaudhary,a0:d7:95:cb:5d:6d
677,19210060,a0:d7:95:ca:24:cc
127,dbasu,a0:d7:95:c8:39:7e
69,14350008,a0:d3:7a:97:05:7c
678,unknown,a0:d3:7a:85:20:e6
679,unknown,a0:d3:7a:67:1d:e9
680,18520014,a0:d3:7a:5a:12:89
681,unknown,a0:d3:7a:23:e7:bd
682,17110031,a0:af:bd:c4:9d:25
683,unknown,a0:af:bd:9a:d3:7d
684,unknown,a0:a8:cd:c4:91:ae
685,unknown,a0:9d:c1:27:ca:36
686,a.chandra,a0:99:9b:1c:3e:5d
555,15350004,a0:86:c6:4e:0b:dd
687,unknown,a0:57:e3:46:a0:cf
688,18350008,a0:51:0b:a6:12:4c
689,17210045,a0:4c:5b:c5:1d:15
690,unknown,a0:32:99:cd:60:0a
493,gauravk,a0:32:99:a7:32:15
691,15110045,a0:28:ed:87:85:83
692,singh2689,a0:00:00:06:b2:3c
693,unknown,9c:fc:01:a4:35:ec
694,sbora,9c:f4:8e:76:37:31
695,prasanna.b,9c:e6:5e:cf:ec:9d
696,16110025,9c:e3:3f:8f:76:ec
620,14210087,9c:e3:3f:1c:84:23
697,16110024,9c:da:3e:08:c3:9d
698,19210020,9c:d2:1e:a0:b8:09
699,unknown,9c:d2:1e:44:59:37
700,rraghav,9c:b6:d0:ee:74:3d
642,16110066,9c:b6:d0:bf:3f:01
701,unknown,9c:ae:d3:fa:e5:d5
149,prasanth.n,9c:ad:97:25:a7:85
702,18110136,9c:ad:97:01:77:09
703,unknown,9c:5c:8e:58:1a:18
704,unknown,9c:5c:8e:2e:1d:ea
705,rupakb,9c:35:eb:97:07:4f
706,16110012,9c:35:eb:4f:54:f5
421,17510029,9c:30:5b:f1:87:47
707,unknown,9c:30:5b:e6:ce:85
708,unknown,9c:30:5b:a4:dd:65
709,unknown,9c:30:5b:a4:b8:d5
710,unknown,9c:30:5b:86:b3:b9
711,17110035,9c:30:5b:6d:f3:c3
606,16110075,9c:30:5b:60:5a:99
712,17210043,9c:30:5b:12:61:e5
201,shivashankar.s,9c:2e:a1:09:49:06
713,18510069,9c:0c:df:9b:58:9f
150,amishra,9c:04:eb:5f:de:61
714,19310016,98:e7:9a:5d:e5:ea
715,nipun.batra,98:ca:33:6a:7a:03
94,agautam,98:b8:e3:b2:c3:cc
716,maria.amante,98:9e:63:a5:2e:6f
717,neha.m,98:9e:63:46:e4:e2
718,unknown,98:9c:57:44:0f:eb
719,unknown,98:74:da:e3:8f:63
720,19510008,98:6f:60:89:15:45
392,vineet.vashista,98:54:1b:27:57:e0
721,unknown,98:46:0a:33:15:ae
30,18310039,98:46:0a:33:14:05
722,unknown,98:3b:8f:e1:5a:4b
723,ravindra.k,98:22:ef:fe:47:23
724,18110041,98:22:ef:7f:c4:4b
725,unknown,98:0c:a5:d8:23:21
726,15210044,98:0c:a5:d1:c9:c5
727,16310007,98:0c:a5:d1:16:01
728,19210078,98:0c:a5:ba:d7:d2
729,uttamalahiri,98:0c:a5:5e:4c:0b
730,16110097,98:0c:a5:49:0e:1a
731,19350003,98:0c:a5:42:0f:a8
129,15310019,98:0c:a5:0d:09:17
732,19210112,98:09:cf:ac:56:44
733,19250019,98:09:cf:ab:44:e7
734,19110118,98:09:cf:a9:94:69
735,unknown,98:09:cf:a0:93:79
736,19210144,98:09:cf:96:f1:34
737,unknown,98:09:cf:95:06:3f
345,babji.srinivasan,98:09:cf:7c:07:57
738,unknown,98:09:cf:79:59:50
739,17110072,98:09:cf:79:42:df
740,unknown,98:09:cf:78:81:b0
741,18210096,98:09:cf:32:b4:f9
742,unknown,98:09:cf:32:7a:3a
743,17110074,98:09:cf:31:8a:ee
744,17110154,98:09:cf:15:f4:d6
745,18310071,98:09:cf:12:a7:a2
692,singh2689,98:09:cf:11:d1:f1
746,skjain,98:01:a7:65:1a:64
119,shanmuga,98:01:a7:17:df:0d
291,gmanoj,98:01:a7:02:ba:e8
378,13210022,94:f6:d6:22:b4:00
747,16110146,94:e9:79:90:35:97
748,17110023,94:b8:6d:b9:6f:63
749,18210038,94:92:bc:b4:c0:0a
750,19510055,94:92:bc:62:7c:d0
751,unknown,94:65:9c:8f:6d:53
752,17210109,94:65:2d:f0:c4:c8
753,18210093,94:65:2d:ef:41:7d
754,unknown,94:65:2d:e9:45:bd
755,khatuask,94:65:2d:e5:6d:15
756,17110082,94:65:2d:d9:6c:5e
705,rupakb,94:65:2d:cf:f6:53
757,amitarora,94:65:2d:cf:3c:dd
758,19210130,94:65:2d:cb:e2:56
759,19110170,94:65:2d:cb:be:1d
760,17110049,94:65:2d:b7:1c:2b
761,dipak.lalpura,94:65:2d:97:04:99
762,14310033,94:65:2d:96:28:ac
763,17110124,94:65:2d:95:1f:89
764,unknown,94:65:2d:8c:52:53
765,17110101,94:65:2d:8b:f3:1c
766,16110113,94:65:2d:76:ae:ca
767,17110022,94:65:2d:76:aa:4a
768,16110020,94:65:2d:75:85:0a
769,mohit.m,94:65:2d:74:09:bd
770,17110174,94:65:2d:73:e4:2b
700,rraghav,94:65:2d:6c:7f:2b
542,baradhwaj,94:65:2d:06:99:ef
771,16110120,94:65:2d:03:b6:2b
772,unknown,94:14:7a:b8:ea:a3
773,unknown,94:14:7a:b5:9c:cb
774,19510020,94:0e:6b:06:a2:83
775,17110166,90:cd:b6:21:90:ff
776,unknown,90:b0:ed:d3:fd:29
777,18510079,90:b0:ed:9c:21:5e
778,18310048,90:94:97:f6:c8:f8
779,unknown,90:94:97:68:dd:08
780,unknown,90:78:b2:f5:38:d1
781,unknown,90:78:b2:b8:1a:9d
782,16310014,90:78:b2:b6:f4:79
783,unknown,90:78:b2:b6:d3:73
784,14310024,90:78:b2:b5:cd:b5
785,16110005,90:78:b2:b4:a4:f7
786,unknown,90:78:b2:b1:0f:2d
433,14310053,90:61:ae:ac:f6:ac
787,19310012,90:4c:e5:9d:b0:66
788,18110144,90:32:4b:63:c9:2b
789,unknown,90:32:4b:46:b3:03
790,16110130,90:2b:d2:be:7a:7e
791,19210080,90:2b:d2:2c:81:cf
194,18110010,8e:02:5a:3d:d5:ad
792,unknown,8c:fe:57:3e:c5:e9
793,unknown,8c:f7:10:c9:83:8a
794,unknown,8c:f7:10:c9:66:88
795,zala,8c:d1:72:01:64:5a
796,babloosharma,8c:be:be:3e:af:9f
615,yogesh.j,8c:be:be:39:c9:23
797,16110048,8c:be:be:35:27:cb
798,unknown,8c:a9:82:1c:c0:ac
799,17510080,8c:8e:f2:53:e7:66
800,unknown,8c:85:90:89:31:51
715,nipun.batra,8c:85:90:7c:4d:d5
801,unknown,8c:85:90:16:4a:e1
802,unknown,8c:45:00:1a:a2:4e
803,jaymehta,8c:25:05:df:39:e5
804,unknown,8c:0d:76:6b:0f:1a
805,unknown,88:e9:fe:6d:03:f5
806,unknown,88:e9:fe:64:90:89
807,unknown,88:e9:fe:63:64:09
808,unknown,88:d7:f6:38:e0:c5
809,unknown,88:b4:a6:68:0e:64
810,18110078,88:b4:a6:67:67:3e
450,18510003,88:b4:a6:2f:23:29
811,unknown,88:b4:a6:2d:e9:e5
90,17350002,88:b4:a6:2c:c1:0f
812,unknown,88:b4:a6:2a:e2:aa
813,18310044,88:b4:a6:2a:33:f3
814,18110068,88:b4:a6:29:81:97
815,19510067,88:b4:a6:27:d4:2e
816,19210040,88:b4:a6:27:7e:21
817,unknown,88:b4:a6:26:e7:25
818,unknown,88:b4:a6:25:e5:ee
819,unknown,88:b4:a6:25:10:1f
820,unknown,88:b4:a6:22:7c:82
676,jaiprakash.chaudhary,88:b4:a6:1f:e4:b9
821,unknown,88:b4:a6:1c:e2:ac
209,13310043,88:b4:a6:1b:31:21
822,gaurav.shukla,88:b4:a6:15:f9:31
823,unknown,88:b4:a6:0c:8a:f9
744,17110154,88:b1:11:9c:d0:9c
824,17110084,88:b1:11:68:3b:20
825,unknown,88:b1:11:46:c2:51
826,unknown,88:b1:11:44:98:32
497,jmanjaly,88:ae:07:62:f2:8a
338,msairam,88:ae:07:59:91:ef
827,18110185,88:ae:07:32:5d:d8
828,18210009,88:ae:07:2d:34:42
829,nithin,88:79:7e:f5:21:1e
830,unknown,88:79:7e:bf:c7:d7
831,18310069,88:79:7e:83:e4:0d
832,unknown,88:79:7e:2c:f4:5e
833,unknown,88:79:7e:2a:55:a2
834,17510062,88:78:73:df:bf:97
835,19210050,88:66:a5:e5:39:35
100,vjain,88:63:df:b2:af:53
224,cdpahlajani,88:63:df:aa:46:db
836,unknown,88:44:77:90:f2:9f
837,18310041,88:44:77:90:ec:59
838,pkc,88:19:08:df:16:3a
839,unknown,88:11:96:d2:5c:66
840,16310003,88:11:96:bc:19:52
841,19520002,86:a4:dc:8c:53:b2
842,18110109,84:fe:dc:dc:c8:36
843,unknown,84:ef:18:ba:b6:5c
844,unknown,84:b8:02:6b:39:a0
501,raghava.b,84:98:66:b6:2d:81
655,nihar,84:89:ad:51:9f:e9
694,sbora,84:78:8b:98:14:b8
845,laxmikantm,84:73:03:f1:37:bc
846,gaurav.y,84:6f:ce:81:b1:e5
847,16110103,84:6f:ce:01:71:4f
848,16310047,84:3a:4b:9b:31:82
849,unknown,84:2e:27:c5:40:60
850,14310048,84:11:9e:b1:d2:4e
851,19210037,80:ed:2c:63:bc:02
446,madhu.vadali,80:ce:b9:fa:8b:9a
852,16110143,80:ce:b9:f4:7c:e8
853,unknown,80:ce:b9:f0:af:6c
854,18520018,80:ce:b9:e8:89:56
855,19210093,80:ce:b9:d8:c5:bb
485,karlamshekhar,80:ce:b9:c4:36:67
856,unknown,80:ce:b9:8c:65:36
857,unknown,80:ce:b9:8a:0c:42
14,namrata.saxena,80:ce:b9:46:73:cf
858,17110069,80:c5:f2:bf:9d:6f
859,unknown,80:c5:f2:bf:68:0d
860,unknown,80:c5:f2:93:e0:2f
861,unknown,80:c5:f2:7f:af:e2
862,unknown,80:c5:f2:6a:e9:0e
863,unknown,80:c5:f2:6a:c7:d6
864,unknown,80:c5:f2:5f:31:d9
865,18110056,80:c5:f2:5b:39:c9
866,viralshah,80:be:05:bc:53:68
867,16110156,80:b0:3d:14:46:da
868,sanjay.parghi,80:ad:16:cf:40:0c
869,15110013,80:ad:16:ce:a2:84
870,unknown,80:ad:16:c7:21:c2
871,19310055,80:ad:16:c3:49:da
872,15310015,80:ad:16:b9:81:0a
873,unknown,80:ad:16:b7:b3:2e
615,yogesh.j,80:ad:16:b6:eb:00
874,13310039,80:ad:16:b2:7a:ec
875,17110131,80:ad:16:b1:43:6a
876,unknown,80:ad:16:ad:0b:60
877,18520027,80:ad:16:ac:29:52
878,19310053,80:ad:16:a9:da:6c
879,unknown,80:ad:16:a3:e0:cc
880,18520011,80:ad:16:9c:89:84
881,17250002,80:ad:16:98:fc:aa
882,unknown,80:ad:16:93:b5:80
883,19210109,80:ad:16:90:50:28
834,17510062,80:ad:16:8e:b2:f2
884,19250012,80:ad:16:8c:5b:8f
885,16110144,80:ad:16:89:1e:1d
886,unknown,80:ad:16:88:c9:01
887,19210103,80:ad:16:86:d5:89
888,jitendra.pawar,80:ad:16:85:a8:a1
889,mkd,80:a5:89:94:d8:81
890,unknown,80:a5:89:37:8b:0b
891,unknown,80:91:33:06:79:d7
892,unknown,80:8a:8b:25:7f:f7
893,unknown,80:8a:8b:0c:51:83
894,unknown,80:7a:bf:70:be:30
895,unknown,80:6c:1b:aa:ff:c3
896,11110001,80:58:f8:a1:6f:8c
897,15310011,80:58:f8:6a:22:98
898,unknown,80:58:f8:6a:08:0d
899,19210067,80:58:f8:54:0e:2d
900,17110016,80:58:f8:4c:75:a6
901,18310016,80:58:f8:4a:28:6b
902,ajanta,80:58:f8:37:e6:85
903,unknown,80:58:f8:37:2e:74
904,unknown,80:58:f8:2b:53:be
905,unknown,80:58:f8:25:24:1b
906,unknown,80:58:f8:22:e7:1b
907,19210099,80:58:f8:10:e6:14
908,manish.jain,80:58:f8:10:4f:f6
909,unknown,80:58:f8:0f:09:38
660,19210143,80:56:f2:7b:98:73
910,jtyagi,80:50:f6:8b:70:d4
911,13310032,80:4e:70:26:e7:4a
723,ravindra.k,80:35:c1:c1:ca:33
912,vankarpiyush,80:35:c1:be:46:95
913,16110001,80:35:c1:b2:4d:03
914,unknown,80:35:c1:99:8c:87
915,19520029,80:35:c1:8d:92:31
916,ashishpandey,80:35:c1:8c:13:f1
782,16310014,80:35:c1:35:a4:05
917,18210023,7c:d6:61:14:04:e3
918,16110107,7c:d6:61:02:12:e3
919,19520020,7c:d6:61:00:02:43
920,unknown,7c:a1:77:be:81:86
921,unknown,7c:78:7e:cd:b6:8c
922,unknown,7c:78:7e:ba:b8:77
923,unknown,7c:78:7e:ae:7a:40
924,unknown,7c:78:7e:8d:56:42
925,unknown,7c:78:7e:5b:2f:69
926,unknown,7c:78:7e:4e:77:90
288,17110182,7c:78:7e:4a:a1:5a
927,19210052,7c:78:7e:44:c5:63
392,vineet.vashista,7c:78:7e:1e:25:e6
928,unknown,7c:78:7e:18:cb:c4
929,unknown,7c:78:7e:14:fc:a3
930,unknown,7c:78:7e:11:4b:fd
931,16110168,7c:78:7e:0f:33:2b
932,unknown,7c:76:68:e7:5b:db
933,unknown,7c:76:68:bf:14:a4
444,17250006,7c:76:35:dd:67:83
934,18510009,7c:76:35:17:de:eb
935,unknown,7c:76:35:08:28:0c
936,17110171,7c:76:35:08:11:69
937,unknown,7c:6b:9c:2c:02:49
938,baby.ziliya,7c:6b:9c:2b:23:c5
939,13310008,7c:6b:9c:29:cc:7d
940,19210077,7c:6b:9c:28:97:15
941,17210095,7c:6b:9c:27:c6:57
942,18110086,7c:6b:9c:26:a6:55
943,harish.singh,7c:6b:9c:26:8a:11
944,unknown,7c:6b:9c:25:63:bb
945,18210015,7c:6b:9c:25:1e:1b
946,unknown,7c:6b:9c:23:12:f9
947,unknown,7c:6b:9c:21:7c:1d
948,19210140,7c:6b:9c:16:bd:5b
949,18510043,7c:6b:9c:15:fe:8b
950,19510089,7c:6b:9c:15:6b:27
951,18110158,7c:6b:9c:12:ad:5b
952,unknown,7c:67:a2:fd:f1:4c
953,17110167,7c:67:a2:e7:ef:05
954,17110113,7c:67:a2:5f:ec:f9
955,14350001,7c:50:49:a5:5c:f9
775,17110166,7c:46:85:a7:1c:70
956,sharmistham,7c:46:85:8b:5a:cf
957,19210068,7c:46:85:8b:2c:54
958,unknown,7c:46:85:86:a1:aa
959,19210118,7c:46:85:2f:6e:19
960,unknown,7c:46:85:13:14:1b
961,unknown,7c:03:5e:83:07:44
962,tanumita.m,7c:03:5e:02:d7:36
963,17110138,7c:01:91:a9:db:33
964,unknown,78:a8:73:13:12:a8
965,19210129,78:88:6d:25:78:a3
573,13310006,78:7e:61:be:f5:01
966,16210027,78:7e:61:39:1e:4b
203,manish.kumar,78:7b:8a:7a:cf:3f
481,mithunr,78:7b:8a:70:4c:17
967,19510078,78:7b:8a:3c:ab:e4
829,nithin,78:62:56:7c:90:5d
760,17110049,78:4f:43:a2:e9:c6
968,anandp,78:4f:43:90:49:4f
969,19210006,78:4b:87:cf:5b:f3
970,vsoppina,78:4b:87:50:20:1b
633,armugam,78:36:90:09:74:9f
971,unknown,78:0c:b8:8c:35:34
18,micheldanino,78:0c:b8:34:3e:29
972,19120003,78:02:f8:ce:34:81
973,19510024,78:02:f8:ca:8e:e9
974,18210099,78:02:f8:c8:f2:b5
975,16110140,78:02:f8:c5:e7:75
976,18350003,78:02:f8:c0:db:2f
977,unknown,78:02:f8:9a:ee:a7
978,unknown,78:02:f8:99:a0:85
979,18350004,78:02:f8:94:bb:ed
980,18210046,78:02:f8:92:42:5d
981,18510040,78:02:f8:8b:83:e9
982,19210106,78:02:f8:86:cf:ff
235,vinod,78:02:f8:85:75:ab
983,prabhu,78:02:f8:84:fc:73
984,18210021,78:02:f8:83:1a:8d
985,unknown,74:e5:0b:0e:95:1c
986,unknown,74:df:bf:31:d5:cf
987,unknown,74:c6:3b:7f:b8:73
988,unknown,74:c6:3b:0e:bb:40
989,18510064,74:b5:87:6b:85:d1
224,cdpahlajani,74:b5:87:56:cf:af
613,bhatia.u,74:b5:87:4e:b2:f5
990,unknown,74:81:14:45:83:ca
991,indranathsg,74:81:14:3c:38:1a
992,17520012,74:70:fd:27:2a:36
993,unknown,74:51:ba:62:60:c1
994,unknown,74:40:bb:d3:51:0b
995,unknown,74:40:bb:a8:f5:ab
714,19310016,74:40:bb:7e:f7:e9
265,15210055,74:40:bb:2d:fb:b5
996,unknown,74:40:bb:03:a9:e3
997,18210074,74:29:af:42:b9:59
998,19310043,74:23:44:3f:f7:c1
999,unknown,74:23:44:3f:27:c7
1000,13310035,74:23:44:3e:23:51
1001,18210084,74:23:44:3a:f9:3d
1002,19210085,72:6b:e9:dc:f8:d0
1003,unknown,70:f1:1c:2e:bc:5d
1004,19120002,70:f0:87:bf:71:58
715,nipun.batra,70:ef:00:70:80:43
1005,19510002,70:dd:a8:ad:79:36
1006,unknown,70:c9:4e:a8:52:5f
1007,18520008,70:c9:4e:27:cd:c4
1008,19110011,70:bb:e9:8e:2c:f2
1009,14310020,70:bb:e9:8d:ec:30
1010,unknown,70:bb:e9:80:bd:f8
1011,abhaygenuine,70:bb:e9:7e:17:6c
79,janardan.k,70:bb:e9:7c:3f:88
1012,16110086,70:bb:e9:78:1c:4e
1013,18250020,70:bb:e9:75:e7:92
1014,unknown,70:bb:e9:70:4d:7c
153,19210082,70:bb:e9:6b:96:dc
1015,18210097,70:bb:e9:67:a2:b8
1016,unknown,70:bb:e9:66:86:ae
1017,19310030,70:bb:e9:64:c1:c2
997,18210074,70:bb:e9:5c:67:8a
150,amishra,70:bb:e9:56:cd:10
376,18310063,70:bb:e9:4f:2d:44
1018,18110179,70:bb:e9:43:cb:3e
1019,shalini.darji,70:bb:e9:42:05:10
1020,17110080,70:bb:e9:3e:f7:ae
1021,17110061,70:bb:e9:3e:37:7a
1022,14350006,70:bb:e9:3e:2c:da
530,14310041,70:bb:e9:36:cf:5e
747,16110146,70:bb:e9:35:c3:2c
1023,16110017,70:bb:e9:31:2d:30
1024,19210145,70:bb:e9:2f:7a:20
1025,unknown,70:bb:e9:2d:b5:04
1026,16110085,70:bb:e9:2d:a1:08
1027,16110136,70:bb:e9:2d:7b:c8
1028,18250005,70:bb:e9:2d:5a:5a
1029,mrugeshsolanki,70:bb:e9:2c:f9:f2
1030,dproy,70:bb:e9:2b:9b:78
1031,unknown,70:bb:e9:27:19:bc
1032,noopur.b,70:bb:e9:26:53:78
1033,16110062,70:bb:e9:22:fe:48
1034,dandriyalsanjay3p,70:bb:e9:22:0a:5e
1035,19110027,70:bb:e9:20:11:38
1036,19350006,70:bb:e9:1e:8e:8e
1037,17310024,70:bb:e9:18:91:37
1038,unknown,70:bb:e9:18:66:bd
246,sarvesh.chandra,70:bb:e9:17:a8:91
1039,16110183,70:bb:e9:17:21:ef
1040,19110079,70:bb:e9:15:72:b1
1041,unknown,70:bb:e9:15:30:71
717,neha.m,70:bb:e9:13:fd:a1
1042,19120009,70:bb:e9:13:ae:93
1043,d.agnihotri,70:bb:e9:03:cf:fc
1044,18110011,70:b7:aa:a0:b1:97
1045,unknown,70:b7:aa:99:03:2f
1046,unknown,70:b7:aa:79:29:ef
1047,unknown,70:b7:aa:78:d8:df
1048,unknown,70:b7:aa:6b:64:b3
1049,18110128,70:b7:aa:47:b2:65
1050,unknown,70:b7:aa:3f:23:73
1051,unknown,70:b7:aa:3c:cd:43
1052,unknown,70:b7:aa:36:54:39
1053,unknown,70:b7:aa:1b:f6:9f
1054,18110013,70:b7:aa:1a:21:bb
400,16110082,70:b7:aa:19:72:43
1055,unknown,70:b7:aa:0e:f1:23
1056,akankshas,70:a2:b3:d0:10:7f
1057,harshil.m,70:77:81:9a:13:85
1058,15110074,70:77:81:99:94:63
1059,unknown,70:77:81:5c:c7:39
1060,sharmitalahiri,70:70:0d:25:8c:aa
1061,17110165,70:5e:55:e2:09:39
1062,19110049,70:5e:55:bc:54:05
911,13310032,70:5e:55:ba:6c:df
1063,unknown,70:5e:55:b8:c1:f7
1064,19110083,70:5e:55:b6:fc:d5
1065,unknown,70:5e:55:b5:94:c9
1066,unknown,70:5e:55:b5:2a:91
1067,19110182,70:5e:55:b4:aa:3f
1068,18110148,70:5e:55:b4:67:3b
1069,17110042,70:5e:55:68:18:5d
784,14310024,70:5e:55:67:fc:37
1070,14350007,70:5e:55:64:97:51
1071,19510045,70:5e:55:64:48:07
1072,17110058,70:5e:55:63:d7:0f
1073,19110043,70:5e:55:5f:9f:bf
1074,16110182,70:5e:55:5f:1b:df
1075,19310041,70:5e:55:41:ce:23
1076,19510077,70:5e:55:26:0f:43
1077,darshak.pathak,70:5e:55:25:89:b9
1078,unknown,70:5e:55:11:5b:39
1079,unknown,70:5a:ac:ca:3e:80
1080,16110174,70:5a:ac:bb:d9:55
1081,18110100,70:5a:ac:a3:8d:64
1082,unknown,70:5a:ac:98:fb:0a
1083,19250004,70:5a:ac:96:bb:b4
1084,unknown,70:5a:ac:8f:62:ac
1085,unknown,70:5a:ac:88:9b:ad
1086,sbarik,70:5a:ac:7d:96:b3
1087,unknown,70:5a:ac:7d:3c:b4
1088,unknown,70:5a:ac:79:c0:ae
1089,18110142,70:5a:ac:78:ff:8f
1090,unknown,70:5a:ac:77:7d:09
1091,18110034,70:5a:ac:6d:1c:5b
1092,17110028,70:5a:ac:6c:41:aa
1093,unknown,70:5a:ac:47:ac:b7
1094,18110016,70:5a:ac:34:00:bc
1095,19520013,70:5a:ac:15:9a:09
1096,uddipta.ghosh,70:5a:ac:15:27:a9
1097,unknown,70:5a:ac:0e:eb:0b
1098,unknown,70:5a:ac:07:b4:92
223,ra.venkitachalam,70:3c:69:58:83:1b
1099,18310035,70:3a:51:f8:c9:d9
1100,17210054,70:3a:51:f5:d4:1d
1101,18310060,70:3a:51:59:12:9e
1102,unknown,70:1c:e7:f4:12:2b
1103,unknown,70:1c:e7:cf:0c:ab
1104,kprasad,70:1a:04:92:41:bf
831,18310069,70:18:8b:bb:21:8f
114,19310021,70:18:8b:88:a4:49
1105,19110071,70:0b:c0:e9:53:05
1106,16110139,6c:c7:ec:d9:52:c6
1107,19210066,6c:c7:ec:66:27:9c
1108,emila,6c:c7:ec:05:a3:48
726,15210044,6c:c4:d5:b0:90:8f
1109,teapost,6c:c4:d5:af:72:94
159,sudipta.das,6c:c4:d5:70:88:fb
1110,19110193,6c:c4:d5:65:b1:9e
1111,unknown,6c:c4:d5:65:39:1d
1112,unknown,6c:c4:d5:65:17:87
1113,15310052,6c:c4:d5:63:cc:e4
1114,unknown,6c:c4:d5:63:10:d4
1115,unknown,6c:c4:d5:63:00:0d
1116,15350011,6c:b7:49:3e:20:a8
94,agautam,6c:ab:31:53:c1:fe
1117,15110126,6c:ab:31:52:f9:b3
1118,19520014,6c:ab:31:4f:98:f2
694,sbora,6c:ab:31:4c:15:26
377,16310031,6c:ab:31:45:04:b5
1119,asengupta,6c:96:cf:f0:71:b4
1120,17310007,6c:8d:c1:02:19:a9
757,amitarora,6c:88:14:63:8e:18
1121,gcchaudhary,6c:72:e7:a5:55:b9
338,msairam,6c:40:08:97:d7:aa
1122,13310034,68:ef:43:26:fe:95
1123,unknown,68:e7:c2:12:a6:ed
997,18210074,68:c4:4d:41:b9:cc
1124,unknown,68:c4:4d:2b:18:e3
1125,unknown,68:c4:4d:08:b4:5d
94,agautam,68:c4:4d:05:3c:da
1126,17310039,68:5d:43:50:8d:6d
1127,msgurukkal,68:17:29:ed:78:3f
1128,unknown,68:17:29:30:4f:d0
752,17210109,68:14:01:8b:d5:ed
1129,16110181,68:14:01:8b:97:f7
90,17350002,68:14:01:25:e1:ab
1130,unknown,68:14:01:20:6a:eb
1131,unknown,64:db:43:e1:69:89
1132,unknown,64:db:43:d8:d0:67
1133,unknown,64:db:43:ad:7a:91
471,nihar.p,64:db:43:92:36:fa
1134,amcblane,64:db:43:62:73:77
1135,16110121,64:db:43:51:1e:24
1136,unknown,64:db:43:3a:7c:c3
729,uttamalahiri,64:db:43:0a:c5:56
1137,mita.p,64:cc:2e:90:64:05
1138,18210016,64:cc:2e:17:c6:eb
1139,arika_patel,64:cc:2e:16:fa:c3
1127,msgurukkal,64:a3:cb:79:72:df
1140,unknown,64:a2:f9:dc:05:6f
1141,19520017,64:a2:f9:da:bc:bc
1142,unknown,64:a2:f9:d9:c6:9b
1143,16110026,64:a2:f9:d5:5f:0a
1144,unknown,64:a2:f9:d3:cd:19
1145,19310051,64:a2:f9:d1:d7:11
1126,17310039,64:a2:f9:d1:84:55
1146,16110076,64:a2:f9:cf:55:a4
1147,18110098,64:a2:f9:ce:29:29
1148,unknown,64:a2:f9:cd:dd:de
1149,unknown,64:a2:f9:cc:80:e8
1150,17110170,64:a2:f9:cb:d5:8e
1151,unknown,64:a2:f9:ca:7b:f2
1152,unknown,64:a2:f9:c8:9f:16
1153,badri.vishal,64:a2:f9:c7:bd:f2
1154,unknown,64:a2:f9:c6:e9:82
1155,18310022,64:a2:f9:c3:42:24
1155,18310022,64:a2:f9:a0:26:51
1156,monamehta,64:a2:f9:93:2a:4e
746,skjain,64:a2:f9:92:28:39
1157,lpsrivastava,64:a2:f9:92:00:97
1158,unknown,64:a2:f9:90:25:bf
1159,unknown,64:a2:f9:90:03:03
1160,13310018,64:a2:f9:80:43:d5
1161,unknown,64:a2:f9:7f:22:94
1162,18110162,64:a2:f9:7d:98:17
702,18110136,64:a2:f9:7c:8b:1c
1163,18110003,64:a2:f9:7b:b9:04
1164,14310035,64:a2:f9:5a:46:65
1165,unknown,64:a2:f9:59:e8:54
1166,unknown,64:a2:f9:57:20:8b
455,18110168,64:a2:f9:56:3b:da
1167,19510042,64:a2:f9:3b:84:97
1168,unknown,64:a2:f9:3b:40:b4
1169,18510041,64:a2:f9:3a:a6:eb
651,18110087,64:a2:f9:3a:4d:d8
1170,unknown,64:a2:f9:39:fb:10
1171,unknown,64:a2:f9:39:3f:e4
1172,unknown,64:a2:f9:36:6a:ce
1173,unknown,64:a2:f9:0a:2d:0a
1174,16110034,64:a2:f9:08:46:8c
1175,unknown,64:a2:f9:08:36:c6
1176,unknown,64:a2:f9:07:ee:81
1177,unknown,64:a2:f9:06:cd:04
1178,18110104,64:a2:f9:02:6b:8e
421,17510029,64:a2:f9:01:6c:1c
1179,unknown,64:a2:f9:01:60:7f
1180,ravi.soni,64:a2:f9:00:e5:52
1181,unknown,64:6c:b2:e3:3c:2c
203,manish.kumar,64:6c:b2:e1:89:07
1182,unknown,64:5a:04:a3:46:41
1183,yashwant.s,64:5a:04:6e:37:61
1184,19210025,64:5a:04:61:56:d6
480,vijay,64:20:0c:bf:4e:30
1185,unknown,64:1c:b0:e6:79:60
630,usingh,60:f8:1d:c6:e6:c8
1186,unknown,60:f6:77:e3:af:80
141,14110083,60:f6:77:7e:83:49
1187,16110108,60:f1:89:67:ca:6c
1188,unknown,60:e3:ac:d1:d6:28
1189,georgy.thomas,60:e3:ac:ae:01:7b
93,haresh.c,60:d9:a0:df:9f:b5
1190,sudipta.basu,60:c5:47:22:87:43
1191,unknown,60:9a:c1:e4:27:d4
1192,unknown,60:9a:c1:e3:19:64
1193,19250008,60:9a:c1:dd:6c:dd
712,17210043,60:9a:c1:d4:30:17
1194,18520025,60:9a:c1:d3:c6:6c
1195,18210026,60:9a:c1:cc:74:cd
1196,14310007,60:9a:c1:cc:32:06
1197,17520017,60:9a:c1:c6:4f:e0
192,15310051,60:9a:c1:c6:0e:fe
127,dbasu,60:8e:08:dd:d6:62
1198,19250018,60:8e:08:c6:f5:54
1199,16110163,60:8e:08:ad:18:f7
1200,unknown,60:8e:08:96:a7:97
1201,17210029,60:8e:08:3d:09:10
1202,unknown,60:8e:08:21:c3:25
1203,unknown,60:8e:08:1a:39:77
1204,unknown,60:8e:08:0c:86:dc
1205,unknown,60:8e:08:03:e4:ba
1206,unknown,60:8e:08:01:0c:b3
1207,18310023,60:8c:4a:ea:10:91
1208,16110023,60:8c:4a:82:0b:3f
1169,18510041,60:8c:4a:5f:19:87
1209,19310033,60:7e:dd:75:d2:8c
1210,18210116,60:7e:dd:65:f9:94
1211,13350002,60:6c:66:28:e3:99
1212,unknown,60:67:20:21:45:20
1213,unknown,60:45:cb:54:3d:d8
973,19510024,60:36:dd:b1:b9:cb
1214,18210058,60:30:d4:84:f3:24
846,gaurav.y,60:30:d4:81:1e:f4
1215,unknown,60:30:d4:6c:9a:06
1216,unknown,60:30:d4:63:48:b4
1217,17510060,60:30:d4:61:02:c4
695,prasanna.b,5c:f9:38:91:60:38
398,19250005,5c:f7:e6:a5:1a:59
1218,arka.chattopadhyay,5c:f7:e6:1e:81:00
1219,unknown,5c:f7:e6:19:d7:11
981,18510040,5c:ea:1d:c5:b7:11
1220,18310028,5c:ea:1d:b7:05:d5
1049,18110128,5c:ea:1d:b6:b8:af
1221,unknown,5c:ea:1d:25:d7:1d
1222,unknown,5c:ea:1d:13:7f:1d
669,14310059,5c:e0:c5:c9:08:24
1223,unknown,5c:cf:7f:33:c8:77
1224,18210033,5c:c3:07:cf:3c:26
1225,18510089,5c:99:60:b1:2c:c3
1226,unknown,5c:99:60:a8:07:3b
1227,unknown,5c:99:60:a1:18:82
1228,unknown,5c:99:60:97:23:5c
86,hemantkg,5c:99:60:8a:35:1f
1229,16110011,5c:99:60:7f:d3:d0
1230,19210007,5c:99:60:64:64:f7
26,birhman.krishan,5c:99:60:63:1b:65
1231,unknown,5c:99:60:3e:c8:1c
1232,19310049,5c:99:60:2d:40:cd
1233,15310050,5c:99:60:20:1b:0d
1234,unknown,5c:99:60:14:a4:44
1235,iitgn.mitimitra,5c:99:60:0d:6d:6b
182,17310002,5c:99:60:06:77:e6
1236,17110097,5c:5f:67:29:d9:f2
1237,18110001,5c:5f:67:06:b0:35
1238,18510027,5c:51:88:80:59:8e
1239,unknown,5c:51:88:3b:32:ee
1240,unknown,5c:41:5a:68:88:b7
1241,samrutiya,5c:2e:59:44:26:00
1242,19110024,5c:1c:b9:72:07:35
1243,19510066,5c:1c:b9:6b:31:3f
1244,hanik,5c:1c:b9:63:ea:cd
1245,17110070,58:fb:84:d6:b9:01
1246,unknown,58:e6:ba:e3:d0:42
1247,18210053,58:e6:ba:d6:d0:81
1248,18310018,58:e6:ba:ce:9d:30
1249,18110053,58:e2:8f:45:29:09
1250,unknown,58:85:a2:95:cf:9f
1251,19210092,58:85:a2:88:f3:3b
1252,19310031,58:85:a2:32:d1:2f
1253,17110017,58:85:a2:2a:f2:d3
1254,19510064,58:85:a2:2a:e2:1d
1255,16110060,58:85:a2:2a:a3:9d
1096,uddipta.ghosh,58:7a:6a:c0:e6:ad
1256,unknown,58:7a:6a:bf:ed:01
224,cdpahlajani,58:40:4e:eb:bd:c4
1241,samrutiya,58:40:4e:e9:05:1a
497,jmanjaly,58:40:4e:e8:cd:22
454,17110093,58:40:4e:08:84:68
671,arnab.dutta,58:40:4e:02:3e:61
1257,prachi,58:40:4e:01:c3:7e
1258,14310068,58:00:e3:e2:80:79
1259,unknown,58:00:e3:88:d9:e9
1260,unknown,58:00:e3:4d:ab:3b
1261,unknown,54:ef:92:8c:6c:7b
1262,19510073,54:dc:1d:5b:77:68
1263,19510031,54:dc:1d:43:fd:a2
1264,unknown,54:dc:1d:41:da:06
1265,unknown,54:b8:02:fe:a9:d7
1266,jp,54:b8:02:fa:e8:80
1267,unknown,54:b8:02:f6:e5:72
1183,yashwant.s,54:b8:02:f0:77:45
1268,unknown,54:b8:02:ea:b6:8a
1269,unknown,54:b8:02:da:3f:ee
1270,unknown,54:b8:02:d9:8d:56
1271,19310054,54:b8:02:c7:1d:dd
1272,19310013,54:b8:02:bb:28:72
1273,unknown,54:b8:02:b3:19:23
1274,17250022,54:b8:02:90:59:d8
1275,unknown,54:b8:02:7e:52:b5
1276,unknown,54:b8:02:66:f7:81
1277,19210071,54:b8:02:53:82:03
1278,19210005,54:b8:02:49:47:d7
1279,unknown,54:b8:02:3f:37:01
1209,19310033,54:b8:02:1f:b8:35
974,18210099,54:99:63:7a:bc:71
755,khatuask,54:99:63:68:c9:d6
1280,16110096,54:8c:a0:91:ee:25
1281,unknown,54:8c:a0:8b:f9:3f
1282,unknown,54:8c:a0:6a:89:09
182,17310002,54:35:30:d6:ac:f9
1138,18210016,54:35:30:d6:a8:47
1283,19210012,54:35:30:8b:63:83
1284,17210069,54:35:30:61:85:f1
185,mishra.vishwajeet,54:27:58:ff:0c:f8
1285,unknown,54:27:58:40:50:5a
1286,15310031,54:27:58:11:76:b7
190,17110120,54:13:79:c2:e5:91
1287,unknown,54:13:79:bf:1b:6f
1190,sudipta.basu,50:fc:9f:9f:60:d3
197,19510025,50:c8:e5:c1:0d:c7
1288,unknown,50:b7:c3:e1:9e:fd
1289,18210063,50:8f:4c:be:a3:53
93,haresh.c,50:8f:4c:be:4d:a3
347,17110122,50:8f:4c:bc:4a:b1
1290,19510027,50:8f:4c:b8:a0:05
1291,unknown,50:8f:4c:b2:85:23
1292,17110180,50:8f:4c:b2:42:5b
1293,18210071,50:8f:4c:ab:83:2b
1294,17110066,50:8f:4c:aa:fc:67
1295,unknown,50:8f:4c:a7:ea:3b
1296,unknown,50:8f:4c:a4:c1:6b
1297,17110112,50:8f:4c:a1:6c:75
1298,17110015,50:8f:4c:a1:2e:09
1299,15110050,50:8f:4c:9b:4a:0f
1300,16110028,50:8f:4c:99:d0:b9
1301,unknown,50:8f:4c:93:f1:71
1302,unknown,50:8f:4c:8d:4a:eb
1303,vijay.meena,50:8f:4c:8a:3d:ed
1304,pratik.chavda,50:8f:4c:88:f7:ff
1305,17110178,50:8f:4c:87:4a:d9
1306,unknown,50:8f:4c:84:45:09
1307,18310037,50:8f:4c:82:23:09
1308,pm,50:82:d5:98:6d:f6
1309,17110123,50:82:d5:97:2d:bb
1310,unknown,50:82:d5:82:1c:06
1311,unknown,50:5b:c2:ef:a8:69
481,mithunr,50:5b:c2:e4:0f:f9
1312,unknown,50:5b:c2:e2:f9:db
1313,unknown,50:5b:c2:da:6c:19
1314,unknown,50:5b:c2:d6:f5:a5
1315,unknown,50:5b:c2:cd:83:b7
487,19520025,50:5b:c2:a2:13:51
949,18510043,50:5b:c2:21:cc:23
220,19210048,50:3e:aa:eb:b9:08
1316,unknown,50:3e:aa:9e:8a:6b
1317,unknown,50:3e:aa:9c:be:75
966,16210027,50:3e:aa:74:ff:55
1318,16310025,50:3e:aa:74:78:9e
1184,19210025,50:3c:ea:89:6b:3b
1319,18210110,50:3c:ea:81:34:f9
1320,19110028,50:3c:ea:80:0d:5d
1321,roshani.patel,50:29:f5:f2:55:73
1322,17110039,50:29:f5:9d:4f:c7
1323,18110025,50:29:f5:9c:81:33
1324,unknown,50:29:f5:38:1e:3d
1325,10002027,50:04:b8:72:0e:3f
1326,18210061,50:04:b8:0a:ff:f1
1327,unknown,50:04:b8:07:b2:d3
1328,15310008,4c:ed:fb:29:a9:a0
1329,17110013,4c:ed:fb:27:b7:9e
1330,19350002,4c:ed:fb:27:7a:1e
1331,unknown,4c:ed:fb:21:c9:21
1332,18250034,4c:d1:a1:05:c2:f5
1333,unknown,4c:d1:a1:02:d4:dc
1334,13310016,4c:bb:58:3f:db:85
1335,unknown,4c:bb:58:29:68:e5
1336,unknown,4c:bb:58:16:00:2c
1337,Ashishpandey,4c:7f:62:0f:f8:8d
1338,bala.natarajan,4c:74:bf:b9:1b:78
1339,19250011,4c:6f:9c:7a:29:e5
1340,unknown,4c:6a:f6:80:c1:e4
212,neeru.singh,4c:66:41:ec:5d:89
400,16110082,4c:56:9d:57:cb:a0
1341,17110002,4c:49:e3:7f:2e:3f
119,shanmuga,4c:49:e3:7e:90:b9
1342,17110133,4c:49:e3:7b:20:6d
1343,17110156,4c:49:e3:7a:54:9f
1344,unknown,4c:49:e3:76:f0:09
1345,unknown,4c:49:e3:76:87:e5
797,16110048,4c:49:e3:73:c3:43
1346,18210077,4c:49:e3:73:be:3d
1347,18210036,4c:49:e3:71:60:65
1348,unknown,4c:49:e3:6b:b9:cd
1349,unknown,4c:49:e3:65:74:61
1350,ivy.b,4c:49:e3:64:f3:4b
1293,18210071,4c:34:88:ea:a2:31
1351,devarsh.barbhaya,4c:32:75:8d:fa:e5
1352,unknown,4c:18:9a:cc:72:81
1353,18510047,4c:18:9a:ad:91:92
1354,18310003,4c:18:9a:a1:a5:5c
1355,unknown,4c:17:44:20:f9:e5
1356,19510076,48:fd:a3:a7:57:5c
1357,unknown,48:fd:a3:a4:1d:2e
1358,rlsharma,48:fd:a3:51:be:27
1359,unknown,48:fd:a3:43:87:52
260,iitgn,48:fd:a3:41:72:a8
1360,unknown,48:fd:a3:33:4a:94
1361,unknown,48:fd:a3:25:78:6f
322,18310068,48:e2:44:d4:09:e1
1362,unknown,48:e2:44:01:f5:31
1363,unknown,48:d2:24:92:84:7d
1015,18210097,48:d2:24:91:ee:be
1364,unknown,48:d2:24:48:0a:5f
675,vmishra,48:bf:6b:f2:a1:60
867,16110156,48:bf:6b:db:7d:bc
1365,unknown,48:a9:1c:c2:34:53
1089,18110142,48:a4:72:b7:6b:8c
1366,unknown,48:a4:72:7f:4f:2c
1367,unknown,48:9d:d1:ed:56:60
1368,unknown,48:9d:d1:e8:a3:52
1369,19110139,48:9d:d1:d1:e2:d6
446,madhu.vadali,48:9d:d1:a7:4f:37
415,leslee.lazar,48:9d:d1:a4:f9:5e
1370,19510001,48:9d:d1:9a:f7:71
1371,18510085,48:9d:d1:91:7f:81
1372,switi.parmar,48:9d:d1:87:9a:56
1373,unknown,48:9d:d1:82:5f:dc
1374,19110163,48:9d:d1:7a:d3:ca
1375,18310056,48:9d:d1:68:cc:3e
1376,unknown,48:9d:d1:66:fc:b2
1377,19210104,48:9d:d1:63:11:d8
1378,unknown,48:9d:d1:55:58:a6
1379,unknown,48:9d:d1:4f:b4:d6
1380,pdayal,48:9d:d1:46:31:3f
1381,unknown,48:9d:d1:41:7e:b9
1382,19110172,48:9d:d1:3d:f0:19
1383,19510075,48:9d:d1:38:05:c9
695,prasanna.b,48:9d:d1:36:53:81
1384,pragnesh,48:9d:d1:33:1e:8e
1385,16110184,48:9d:d1:30:0f:77
1386,19510094,48:9d:d1:1f:96:5c
1387,unknown,48:9d:d1:1d:0c:76
1388,19210126,48:9d:d1:1c:31:0b
1389,16110176,48:9d:d1:16:d7:f9
1390,unknown,48:9d:d1:15:e6:03
411,19510054,48:9d:d1:15:75:b5
1391,unknown,48:9d:d1:0f:5a:b3
1392,unknown,48:9d:d1:0b:7a:9f
1393,unknown,48:9d:d1:0a:7a:67
1394,14310069,48:9d:d1:09:5a:47
1395,unknown,48:9d:24:f7:2f:37
1396,harshad.patel,48:95:07:85:d9:3d
1397,unknown,48:95:07:81:b9:53
1398,19110103,48:95:07:68:48:2f
1399,unknown,48:88:ca:90:6a:8f
1400,unknown,48:88:ca:8e:bf:c8
1401,r.vaishnav,48:88:ca:8d:d5:9a
1402,17510027,48:88:ca:8c:92:ad
396,njrabadiya,48:88:ca:70:61:d8
64,sriram,48:88:ca:6c:cf:e8
1214,18210058,48:88:ca:61:cc:01
1403,unknown,48:88:ca:24:c6:f5
1404,19110137,48:83:b4:e3:6a:9b
1405,18310067,48:50:73:43:65:bc
237,kabeer,48:3b:38:6b:08:86
1406,19110094,48:3b:38:61:da:6f
1407,rnsingh,48:3b:38:2e:fb:dd
1408,rohit.chaudhary,48:3b:38:2c:ae:3e
1409,19210095,48:20:41:00:b4:08
1410,unknown,48:13:f3:00:64:54
97,17310031,48:13:7e:dc:4b:fd
99,atul.bhargav,48:13:7e:d0:09:9b
1411,unknown,48:13:7e:5a:3d:91
209,13310043,48:01:c5:54:43:c7
1412,unknown,48:01:c5:51:2f:ed
1413,unknown,48:01:c5:28:83:20
1414,18310004,48:01:c5:26:27:fc
1284,17210069,48:01:c5:25:ce:1d
1415,19210101,48:01:c5:24:14:7e
1416,16110173,48:01:c5:23:51:0c
1417,unknown,44:c3:46:f6:3f:1a
1418,19510036,44:91:60:40:3c:0f
736,19210144,44:85:00:d4:de:74
1419,unknown,44:85:00:cf:81:86
1420,unknown,44:6d:57:23:3a:99
1421,unknown,44:1c:a8:a7:de:fb
1422,unknown,44:1c:a8:a5:a1:c7
1423,18210028,44:1c:a8:a1:39:a7
1424,unknown,44:03:2c:e2:8e:de
1425,unknown,44:03:2c:45:20:13
1426,unknown,44:00:49:e2:ca:42
1427,19210127,44:00:10:0d:40:33
1428,19110002,42:1c:37:83:ac:9c
1429,unknown,40:b8:9a:1a:1c:2b
1430,19510086,40:b0:76:cb:57:ce
1431,18510046,40:b0:76:ca:f8:22
1432,unknown,40:b0:76:72:af:7a
1433,unknown,40:b0:76:72:7c:be
1434,15110132,40:b0:76:6c:72:a2
1435,unknown,40:b0:76:69:3f:b2
1436,16110054,40:b0:76:68:e2:2a
1437,unknown,40:b0:76:67:82:84
1438,16110098,40:b0:76:63:7b:1e
1439,abc.xyz,40:a3:cc:57:76:c3
1440,unknown,40:a3:cc:54:ba:b4
1034,dandriyalsanjay3p,40:a3:cc:39:be:17
356,18510084,40:9f:38:ef:7a:e3
1441,unknown,40:9f:38:7d:ca:fb
1442,19310038,40:9f:38:11:3b:45
1443,alok.kanungo,40:88:05:6a:34:0b
1444,shivangi.bhatt,40:4e:36:8c:14:45
1445,unknown,40:4e:36:88:73:73
158,16110055,40:4e:36:87:af:46
1446,unknown,40:4e:36:87:84:cc
1447,17310014,40:4e:36:87:50:9a
410,neeldhara.m,40:4d:7f:b3:3d:df
1448,18510094,40:4d:7f:b0:ae:97
1449,18510006,40:4d:7f:af:d3:fa
260,iitgn,40:49:0f:98:69:e7
1074,16110182,40:49:0f:17:bf:2d
592,ajit.singh,3c:bb:fd:c1:b9:47
1450,16110032,3c:bb:fd:ab:14:0c
1451,unknown,3c:a0:67:fa:eb:e9
249,19310006,3c:a0:67:f3:9d:ab
1452,unknown,3c:a0:67:d4:a3:ff
1453,18510059,3c:95:09:2d:29:a4
931,16110168,3c:91:80:6b:d4:c1
855,19210093,3c:91:80:4d:96:5d
874,13310039,3c:77:e6:dd:dd:2b
1454,unknown,3c:5c:c4:25:b1:eb
1455,19110109,3c:57:6c:e2:2f:69
1456,18310043,3c:57:6c:99:dc:33
1457,gauravs,3c:57:6c:6a:77:1c
1458,unknown,3c:57:6c:65:c3:0c
1459,unknown,3c:57:6c:4a:fb:10
1460,14310055,3c:2e:f9:5f:a5:e4
1461,19110125,3c:28:6d:19:6a:68
1462,16110105,3c:20:f6:a8:8d:b9
2,paresh.d,3c:20:f6:3e:29:7a
57,19310032,3c:20:f6:33:33:bd
1463,19110169,3c:20:f6:2e:b1:6b
1464,16110046,3c:20:f6:28:7d:1f
1465,19110074,3c:20:f6:28:2c:4d
1466,unknown,3c:05:18:3d:88:40
613,bhatia.u,38:f9:d3:b8:bb:cd
694,sbora,38:f9:d3:8b:2a:86
211,19510035,38:f9:d3:69:e8:4a
1467,18310070,38:e6:0a:fe:44:46
135,naran,38:e6:0a:f5:b9:98
248,13350009,38:e6:0a:f4:71:0e
1468,kpyadav,38:e6:0a:e0:31:a8
1469,18310062,38:e6:0a:d7:0f:08
1470,unknown,38:e6:0a:d5:f0:08
1471,unknown,38:e6:0a:cd:ed:3c
1472,19210035,38:e6:0a:c8:e1:b4
1473,15110107,38:e6:0a:c3:2a:0c
1474,unknown,38:e6:0a:b0:9a:eb
1475,unknown,38:e6:0a:2f:81:d3
1476,gkgulabani,38:e6:0a:2c:be:b5
1477,18250008,38:e6:0a:28:c7:a7
1478,18110048,38:e6:0a:25:cd:97
1479,69aaks,38:e6:0a:06:c2:b7
1480,18110170,38:de:ad:1f:24:5d
235,vinod,38:d5:47:8c:61:49
1481,unknown,38:d5:47:3c:c4:ff
1482,13310003,38:b1:db:ff:2e:97
1483,unknown,38:b1:db:ea:c5:bb
251,19210113,38:a4:ed:ec:4c:6d
1484,unknown,38:a4:ed:e8:e7:e5
1485,19210032,38:a4:ed:e0:9c:6d
1486,19210015,38:a4:ed:d0:a9:09
1487,bhavna.dharani,38:a4:ed:cf:1b:6f
1488,19210119,38:a4:ed:ce:08:27
1217,17510060,38:a4:ed:c7:fd:ab
1372,switi.parmar,38:a4:ed:5e:b0:67
1489,unknown,38:a4:ed:5d:fb:d5
1490,18210035,38:a4:ed:5d:a4:2d
1491,19510038,38:a4:ed:59:ef:e5
1492,13350003,38:a4:ed:58:93:1b
945,18210015,38:a2:8c:70:4a:f9
706,16110012,38:80:df:80:32:be
1493,unknown,38:80:df:6a:66:79
1494,19210056,38:80:df:4b:0c:8b
396,njrabadiya,38:80:df:09:07:5e
1495,unknown,38:53:9c:be:3a:ce
1496,19520007,38:37:8b:d2:cf:f1
1497,unknown,38:37:8b:aa:b0:00
1498,unknown,38:37:8b:aa:71:14
829,nithin,38:0f:4a:a9:8b:7d
1499,19310023,34:f6:4b:dd:9b:db
291,gmanoj,34:f6:4b:d7:48:c1
1500,unknown,34:f6:4b:a1:e3:b1
1501,unknown,34:e9:11:f7:5c:37
203,manish.kumar,34:e9:11:ed:ec:bd
1502,unknown,34:e9:11:e3:67:ef
1407,rnsingh,34:e9:11:c5:fc:31
950,19510089,34:e9:11:99:fd:b7
1503,18110107,34:e9:11:88:4a:03
1504,unknown,34:e9:11:64:cb:b3
576,18110067,34:e1:2d:d0:82:98
1505,unknown,34:e1:2d:4b:38:e5
972,19120003,34:de:1a:e7:d2:63
1506,unknown,34:bb:26:c1:56:64
74,skpandey,34:bb:26:0b:30:b4
338,msairam,34:ab:37:66:6b:3a
428,nirmal.jha,34:ab:37:5d:1d:e6
410,neeldhara.m,34:a8:eb:21:00:f9
1507,19110053,34:78:d7:83:ab:12
1508,unknown,34:42:62:61:59:f1
519,16110142,34:42:62:5f:2a:a4
1509,17110014,34:42:62:49:df:3d
157,16110162,34:42:62:40:ac:d7
1510,19110135,34:42:62:08:6c:e8
1511,unknown,34:42:62:01:62:17
1512,chinmayg,34:31:11:2f:d5:75
1513,18210103,34:12:98:a2:f6:4f
592,ajit.singh,34:12:98:27:87:99
1514,14310008,34:08:bc:00:99:2e
1515,unknown,30:e3:7a:9b:b7:20
1516,17110128,30:e3:7a:9b:b5:7c
1517,unknown,30:e3:7a:0d:67:40
1518,unknown,30:d1:6b:f7:0c:b5
427,18520002,30:d1:6b:f5:75:3d
989,18510064,30:d1:6b:e1:f7:f9
463,19310052,30:d1:6b:51:d3:70
1519,19510037,30:a1:fa:c0:d3:b0
1520,19110004,30:94:35:38:9d:13
1521,19110147,30:94:35:32:64:8b
1522,19510093,30:94:35:27:e0:81
1523,unknown,30:94:35:27:aa:3d
1524,19110142,30:94:35:21:bd:b3
1525,19110034,30:94:35:1b:bb:a3
1526,19110042,30:94:35:19:c9:35
1527,unknown,30:94:35:14:0e:cb
1528,19510049,30:94:35:0e:24:d1
1529,unknown,30:52:cb:ef:f4:5a
1530,19210057,30:4b:07:d6:7e:26
1531,19310003,30:4b:07:bd:90:67
260,iitgn,30:4b:07:87:7b:41
1532,unknown,30:4b:07:69:b2:80
1533,unknown,30:4b:07:68:2f:27
1534,17110051,30:4b:07:30:d5:80
1535,unknown,30:4b:07:1a:5f:cb
394,jm,30:3a:64:8e:63:8b
917,18210023,30:3a:64:5b:12:15
1536,unknown,30:35:ad:d1:10:94
834,17510062,30:35:ad:ca:7a:d6
1537,18510029,30:35:ad:90:54:c0
1538,unknown,30:24:32:bb:23:30
1539,unknown,30:24:32:a8:4a:ee
1540,18110150,30:24:32:a7:68:e0
1541,18110186,30:24:32:4b:10:f4
1542,19520009,30:07:4d:ad:6f:0f
1543,17110018,30:07:4d:7a:89:dd
1544,unknown,30:07:4d:68:10:f0
250,19510026,30:07:4d:31:de:35
435,17110175,30:07:4d:22:12:ff
1545,unknown,2c:fd:ab:d6:9a:0f
1546,unknown,2c:fd:ab:d5:21:be
1547,unknown,2c:fd:ab:28:9e:d1
1548,17310041,2c:fd:ab:27:87:07
1549,unknown,2c:fd:ab:26:56:dd
1550,saumils,2c:fd:ab:25:7f:f0
717,neha.m,2c:f0:ee:8d:95:32
1551,unknown,2c:f0:ee:63:b7:14
345,babji.srinivasan,2c:d0:5a:b8:26:0b
1552,unknown,2c:a9:f0:79:00:15
278,18110023,2c:6f:c9:30:44:15
318,18110118,2c:6f:c9:2d:b1:53
1553,18110076,2c:6f:c9:01:23:7b
1554,unknown,2c:6e:85:ab:ed:d9
467,13210024,2c:61:f6:83:90:f2
1555,unknown,2c:4d:54:77:97:ce
1325,10002027,2c:33:7a:1a:3b:69
48,18210030,2c:33:7a:09:38:87
1556,18110082,2c:33:61:80:0d:5a
1557,14310006,2c:33:61:79:fd:13
1558,17110038,2c:33:61:6b:76:3b
671,arnab.dutta,2c:33:61:4a:3f:42
1283,19210012,2c:33:61:49:8d:6f
1559,unknown,2c:33:61:3c:bf:ad
1560,18510030,2c:33:61:13:97:41
1561,sagar.p,2c:1f:23:a4:8e:11
271,18510062,2c:0e:3d:fd:96:34
1562,nitinkhanna,2c:0e:3d:82:63:86
489,sudiptas,28:f0:76:6a:ca:1c
675,vmishra,28:f0:76:5f:12:6c
1563,m.m.sunny,28:f0:76:43:c4:ce
1116,15350011,28:f0:76:3a:c7:56
1564,vchandra,28:f0:76:2b:86:4a
94,agautam,28:ef:01:d8:34:ee
1565,unknown,28:ed:e0:fd:5d:ad
1566,unknown,28:ed:e0:fc:2a:21
1567,unknown,28:ed:e0:f9:b7:44
1568,unknown,28:ed:e0:f9:b5:d6
1569,unknown,28:ed:e0:f9:b4:96
1570,unknown,28:ed:e0:f9:b1:46
1571,unknown,28:ed:e0:e8:7f:bf
1572,unknown,28:ed:e0:e8:7c:a1
1241,samrutiya,28:ed:6a:e4:2d:16
547,n.shukla,28:ed:6a:e3:9a:8d
1573,unknown,28:e3:47:ba:c8:e2
77,snbanerjee,28:e3:47:52:b4:26
1574,17110005,28:31:66:6c:4d:7f
1575,laxmi.hirani,28:31:66:63:71:2b
477,jaichander.s,28:31:66:54:67:f7
1576,19250007,28:31:66:4e:f6:b1
1577,17110109,28:31:66:44:62:3b
1578,18510004,28:31:66:2d:0d:ab
1579,unknown,28:31:66:2c:dc:df
1580,19210105,28:31:66:27:45:63
1581,unknown,28:16:a8:52:14:a2
1582,unknown,26:71:05:ae:e4:bb
1488,19210119,24:fd:52:fd:b8:74
471,nihar.p,24:f6:77:03:ac:d2
1583,unknown,24:f0:94:f3:73:e8
1584,19510069,24:a0:74:6c:4b:53
595,19520026,24:79:f3:b8:09:5f
1585,unknown,24:79:f3:a0:0b:1d
1307,18310037,24:1b:7a:7c:41:b1
848,16310047,24:18:1d:b1:3a:2d
865,18110056,24:18:1d:ad:98:cd
1586,ankita.bhandari,24:18:1d:66:9f:c7
827,18110185,24:18:1d:66:51:2f
1587,19210108,24:18:1d:5b:1e:f4
152,18110134,20:f4:78:bf:79:ce
1588,18310029,20:f4:78:bf:76:10
1589,19110128,20:f4:78:bd:fc:82
119,shanmuga,20:f4:78:bc:eb:da
1590,16110122,20:f4:78:bb:de:b4
1591,19110018,20:f4:78:b9:df:82
1592,19210022,20:f4:78:b6:f6:70
1593,rashmi.goyal,20:f4:78:b4:f1:0e
291,gmanoj,20:f4:78:b2:69:3c
235,vinod,20:d3:90:91:02:ea
1594,19520001,20:a6:0c:ff:65:f8
1595,19110194,20:a6:0c:ec:46:62
1596,sujit,20:a6:0c:df:f7:a8
1597,19520028,20:a6:0c:cd:e3:c4
1598,19210107,20:a6:0c:c5:14:70
1599,unknown,20:a6:0c:b8:94:6a
1600,19110156,20:a6:0c:b6:9a:c8
1601,19510022,20:a6:0c:b1:e3:be
672,18210087,20:a6:0c:b0:5d:ec
1602,18510010,20:a6:0c:ab:bf:10
1603,19510028,20:a6:0c:aa:db:36
1604,unknown,20:a6:0c:a9:80:da
1605,unknown,20:a6:0c:a6:6c:f2
150,amishra,20:a6:0c:a6:1a:10
1606,15510003,20:a6:0c:9f:4d:72
1607,18110006,20:a6:0c:99:fc:2a
1608,unknown,20:a6:0c:99:97:34
74,skpandey,20:a6:0c:99:40:d0
1609,19520035,20:a6:0c:8b:6b:3e
1610,unknown,20:a6:0c:8a:7b:d2
1611,amc2,20:a6:0c:88:99:04
1612,unknown,20:a6:0c:86:43:2c
1613,16110063,20:a6:0c:84:eb:70
1614,unknown,20:a6:0c:73:65:95
1615,19210058,20:a6:0c:3d:80:4f
1616,19250023,20:a6:0c:3d:4d:97
1617,meenakshi.s,20:a6:0c:3d:35:cb
1618,17310029,20:a6:0c:3b:dc:bb
1619,19210150,20:a6:0c:3a:ff:11
1620,18110021,20:a6:0c:3a:d9:4b
1621,unknown,20:a6:0c:3a:d3:d1
1622,17310036,20:a6:0c:35:ce:9b
1623,15350010,20:a6:0c:35:69:b5
1624,13210044,20:a6:0c:31:33:41
240,18310049,20:a6:0c:30:c6:4d
1156,monamehta,20:7d:74:41:71:dc
967,19510078,20:79:18:fd:e4:a4
135,naran,20:47:da:08:d6:e7
1625,19210079,20:39:56:f1:8c:1d
967,19510078,20:39:56:c8:8d:e0
1626,unknown,20:39:56:c6:d2:54
1627,14310058,20:39:56:6c:63:54
1453,18510059,20:39:56:6c:2f:24
1628,unknown,20:39:56:02:d4:b8
787,19310012,20:34:fb:83:e1:9f
1629,19210002,20:34:fb:82:bb:55
1630,unknown,20:34:fb:81:b8:17
1631,16110149,20:34:fb:81:79:13
1632,unknown,20:34:fb:7f:4c:35
1633,19510060,20:34:fb:7f:13:0b
1634,nirav.raval,20:34:fb:7a:6a:d1
1635,16110106,20:34:fb:79:7f:6b
1636,19520005,20:34:fb:77:d5:87
1637,17110037,20:34:fb:77:8a:11
1638,18250009,20:34:fb:77:46:55
1639,18210072,20:34:fb:6f:4c:cd
1640,unknown,20:34:fb:6c:16:25
379,19520030,20:34:fb:5f:4e:fb
1641,18110036,20:34:fb:5d:dd:93
1642,19210091,20:34:fb:5b:f5:5b
1643,16110065,20:34:fb:57:61:b5
493,gauravk,20:34:fb:53:98:b7
1644,19510088,20:34:fb:4c:28:45
1645,17110078,20:34:fb:43:09:1b
292,jayesh.prajapati,20:34:fb:08:ad:03
247,19310047,20:16:d8:f6:d6:b4
1646,18310061,20:16:b9:88:10:6c
1647,unknown,20:16:b9:7a:10:1b
1648,unknown,20:10:7a:3b:61:35
94,agautam,1c:e6:2b:eb:7d:f0
1649,19510085,1c:dd:ea:2b:5c:d5
1650,18110050,1c:c3:eb:04:51:a9
1651,18110042,1c:c3:eb:02:32:31
372,spm,1c:ab:a7:b8:d9:a1
442,13310017,1c:9e:46:6c:ca:76
1652,19250009,1c:56:fe:f6:fc:ac
235,vinod,1c:56:fe:9e:48:4d
1104,kprasad,1c:56:fe:05:31:8e
1653,unknown,1c:4d:70:68:c8:e2
1654,ashna.viswanath,1c:3e:84:6c:3f:bb
1655,medhavi.s,18:f0:e4:c2:69:51
1656,unknown,18:f0:e4:c0:21:e7
1657,unknown,18:f0:e4:bd:a5:fd
1086,sbarik,18:f0:e4:bb:bb:a7
61,17110143,18:f0:e4:b9:0c:47
1384,pragnesh,18:f0:e4:b4:c6:73
1658,unknown,18:f0:e4:b4:7a:f1
260,iitgn,18:f0:e4:ae:37:dd
866,viralshah,18:f0:e4:a4:67:73
1659,19310017,18:f0:e4:a3:ca:89
1660,unknown,18:f0:e4:9a:28:29
1661,18210109,18:f0:e4:93:03:19
1662,19250003,18:f0:e4:90:39:af
936,17110171,18:f0:e4:81:f8:af
1663,unknown,18:d7:17:24:b1:0b
1664,unknown,18:d7:17:20:03:0b
1665,unknown,18:d7:17:1d:7a:a5
394,jm,18:89:5b:64:6d:07
1666,nirav.bhatt,18:89:5b:4c:f1:b4
1380,pdayal,18:81:0e:30:6a:17
1667,unknown,18:74:2e:b3:b4:e3
635,19510030,18:65:90:d2:32:d1
478,16110053,18:65:90:cf:27:f3
1668,unknown,18:60:24:d9:a2:05
1669,unknown,18:59:36:0b:95:06
1670,unknown,18:56:80:f3:16:19
1671,17110141,18:56:80:7e:76:56
1672,unknown,18:56:80:70:c0:1a
942,18110086,18:3d:a2:db:62:b2
837,18310041,18:3d:a2:c8:b3:1a
1541,18110186,18:31:bf:dc:cf:24
1673,15310006,18:1d:ea:51:d0:6f
1197,17520017,16:f7:eb:e0:c6:25
1674,unknown,16:57:5e:01:af:c1
1675,unknown,14:dd:a9:34:2c:e5
1211,13350002,14:bd:61:ab:e8:5b
652,19310007,14:a5:1a:2e:95:da
1676,unknown,14:99:e2:0f:ce:87
286,18310040,14:4f:8a:e1:3f:bb
1677,19310025,14:4f:8a:12:36:d0
1678,19210090,14:32:d1:3c:1e:66
1679,16110134,14:20:5e:93:04:36
829,nithin,14:20:5e:10:50:3c
1680,unknown,10:f6:81:6c:9d:92
1681,unknown,10:f3:11:b6:4c:93
1682,17310023,10:f1:f2:8a:b2:f7
1683,akash.p,10:f1:f2:2d:c4:1a
435,17110175,10:f0:05:20:c7:04
1684,unknown,10:5b:ad:d7:63:3b
1685,unknown,10:5b:ad:1a:61:ab
1686,19510039,10:2a:b3:9d:16:a7
1687,15310042,10:2a:b3:3e:7c:df
1688,19310035,10:08:b1:73:3e:1f
1394,14310069,10:07:b6:da:9b:05
1689,kaushik.chavda,10:07:b6:b8:0e:c1
1690,19520012,10:07:b6:ac:02:e4
1691,unknown,10:07:b6:9c:e4:f2
1692,unknown,10:07:b6:75:d4:e5
1693,unknown,10:07:b6:36:a5:85
1694,unknown,0c:f3:46:5b:bc:29
1695,unknown,0c:f3:46:3a:80:9b
1696,unknown,0c:f3:46:25:a7:1c
1697,18210052,0c:f3:46:1f:d2:7b
1698,19310039,0c:f3:46:1f:82:15
968,anandp,0c:f3:46:1c:de:3f
1699,unknown,0c:e0:dc:da:3d:f4
1700,unknown,0c:e0:dc:b7:c3:63
1701,13310031,0c:e0:dc:ae:9e:7b
35,17310033,0c:e0:dc:aa:39:d5
1702,unknown,0c:e0:dc:a6:96:53
1703,19310001,0c:e0:dc:7a:78:22
1677,19310025,0c:e0:dc:68:23:56
1704,18110027,0c:e0:dc:67:bf:76
1705,19210039,0c:e0:dc:5b:b7:be
1706,unknown,0c:e0:dc:42:cf:bf
1707,unknown,0c:e0:dc:3a:df:fc
1708,19510065,0c:e0:dc:10:18:13
1709,19520022,0c:e0:dc:0a:af:e7
1225,18510089,0c:cb:85:c9:5b:10
1710,18210012,0c:cb:85:b4:ca:d0
1711,unknown,0c:cb:85:30:e0:d1
829,nithin,0c:cb:85:1d:8e:69
1712,unknown,0c:9d:92:99:c8:aa
1713,unknown,0c:9d:92:96:e2:9a
1714,unknown,0c:9d:92:09:38:aa
1715,unknown,0c:9d:92:09:30:86
1716,unknown,0c:9d:92:08:e8:a9
1717,18510052,0c:96:e6:e1:e8:35
465,19210045,0c:84:dc:54:11:3b
1650,18110050,0c:54:15:bc:f7:aa
1718,unknown,0c:54:15:86:ad:df
150,amishra,0c:51:01:95:20:3e
1407,rnsingh,0c:51:01:94:c0:c8
1719,18510093,0c:2c:54:ef:64:20
1720,18210078,0c:2c:54:b5:96:9e
1721,unknown,08:c5:e1:ff:69:38
1722,unknown,08:c5:e1:ba:88:2c
1723,19110041,08:c5:e1:09:f0:80
1724,unknown,08:a6:bc:21:38:31
1725,unknown,08:7f:98:7e:69:05
1056,akankshas,08:7f:98:6b:88:81
1726,unknown,08:7f:98:60:92:e7
1727,unknown,08:7f:98:5b:7e:73
1728,unknown,08:7f:98:42:f0:19
1729,sethulakshmi.n,08:6d:41:dc:bc:9a
1730,unknown,08:3e:8e:af:f0:e5
1731,unknown,08:25:25:9d:d8:f0
1732,19210098,08:25:25:9a:68:ec
345,babji.srinivasan,08:25:25:98:55:a7
1733,unknown,08:25:25:95:b5:4f
430,franklin,08:25:25:93:cc:96
1734,19510051,08:25:25:8d:33:20
1735,17110040,08:25:25:8c:9e:5a
1736,17210084,08:25:25:8a:9b:63
1737,16110090,08:25:25:87:fc:f6
1738,unknown,08:25:25:7f:4f:88
1739,16110010,08:25:25:7c:d5:7f
954,17110113,08:25:25:76:d3:c3
1740,raju.beerasent,08:25:25:76:4d:24
1741,vikrant.sis,08:25:25:71:de:91
1742,unknown,08:25:25:71:9b:a9
1743,19210149,08:25:25:70:a0:1c
1744,nanditha.js,08:25:25:6a:28:67
1745,19210076,08:25:25:64:81:17
93,haresh.c,08:25:25:62:63:84
1671,17110141,08:25:25:58:a5:39
1746,mahsan,08:25:25:50:f1:14
1747,18210066,08:25:25:4a:60:2a
